cdid,consistId,policyStatement,contradictingStatement,contradictionNum
1,1,2,,-1
2,1,2,,-1
3,2,2,8,8
4,2,2,15,0
5,2,8,,-1
6,2,9,8,10
7,2,9,15,2
8,2,15,,-1
9,2,15,,-1
10,2,8,,-1
11,3,2,8,8
12,3,2,15,0
13,3,8,,-1
14,3,9,8,10
15,3,9,15,2
16,3,15,,-1
17,3,15,,-1
18,3,8,,-1
19,5,2,,-1
20,6,2,,-1
21,7,2,,-1
22,8,2,,-1
23,9,2,,-1
24,26,2,,-1
25,26,2,,-1
26,26,2,,-1
27,34,2,,-1
28,35,2,,-1
29,36,9,,-1
30,36,9,,-1
31,36,9,,-1
32,36,2,,-1
33,36,2,,-1
34,36,9,,-1
35,36,9,,-1
36,36,2,,-1
37,36,9,,-1
38,37,9,,-1
39,37,9,,-1
40,37,9,,-1
41,37,2,,-1
42,37,2,,-1
43,37,9,,-1
44,37,9,,-1
45,37,2,,-1
46,37,9,,-1
47,38,9,,-1
48,38,9,,-1
49,38,9,,-1
50,38,2,,-1
51,38,2,,-1
52,38,9,,-1
53,38,9,,-1
54,38,2,,-1
55,38,9,,-1
56,39,9,,-1
57,39,9,,-1
58,39,9,,-1
59,39,2,,-1
60,39,2,,-1
61,39,9,,-1
62,39,9,,-1
63,39,2,,-1
64,39,9,,-1
65,40,9,,-1
66,40,9,,-1
67,40,9,,-1
68,40,2,,-1
69,40,2,,-1
70,40,9,,-1
71,40,9,,-1
72,40,2,,-1
73,40,9,,-1
74,41,9,,-1
75,41,9,,-1
76,41,9,,-1
77,41,2,,-1
78,41,2,,-1
79,41,9,,-1
80,41,9,,-1
81,41,2,,-1
82,41,9,,-1
83,42,9,,-1
84,42,9,,-1
85,42,9,,-1
86,42,2,,-1
87,42,2,,-1
88,42,9,,-1
89,42,9,,-1
90,42,2,,-1
91,42,9,,-1
92,43,2,,-1
93,44,2,,-1
94,46,2,,-1
95,46,26,,-1
96,47,27,,-1
97,47,2,,-1
98,47,26,,-1
99,48,27,,-1
100,48,2,,-1
101,48,26,,-1
102,49,29,,-1
103,49,2,,-1
104,49,29,,-1
105,49,29,,-1
106,49,29,,-1
107,49,29,,-1
108,49,2,,-1
109,49,2,,-1
110,49,29,,-1
111,49,2,,-1
112,49,29,,-1
113,50,29,,-1
114,50,2,,-1
115,50,29,,-1
116,50,29,,-1
117,50,29,,-1
118,50,29,,-1
119,50,2,,-1
120,50,2,,-1
121,50,29,,-1
122,50,2,,-1
123,50,29,,-1
124,51,29,,-1
125,51,2,,-1
126,51,29,,-1
127,51,29,,-1
128,51,29,,-1
129,51,29,,-1
130,51,2,,-1
131,51,2,,-1
132,51,29,,-1
133,51,2,,-1
134,51,29,,-1
135,52,29,,-1
136,52,2,,-1
137,52,29,,-1
138,52,29,,-1
139,52,29,,-1
140,52,29,,-1
141,52,2,,-1
142,52,2,,-1
143,52,29,,-1
144,52,2,,-1
145,52,29,,-1
146,53,20,,-1
147,53,20,,-1
148,53,1,,-1
149,53,1,,-1
150,53,1,,-1
151,53,1,,-1
152,53,20,,-1
153,53,20,,-1
154,53,20,,-1
155,53,1,,-1
156,53,1,,-1
157,53,1,,-1
158,53,20,,-1
159,53,20,,-1
160,53,20,,-1
161,53,20,,-1
162,53,20,,-1
163,53,1,,-1
164,53,1,,-1
165,53,1,,-1
166,54,2,,-1
167,55,2,,-1
168,56,2,,-1
169,57,2,,-1
170,58,2,,-1
171,67,31,,-1
172,67,2,,-1
173,67,32,,-1
174,68,31,,-1
175,68,2,,-1
176,68,32,,-1
177,71,2,,-1
178,72,2,,-1
179,73,2,,-1
180,73,2,,-1
181,73,2,,-1
182,73,2,,-1
183,73,31,,-1
184,73,2,,-1
185,73,2,,-1
186,73,2,,-1
187,73,2,,-1
188,74,2,,-1
189,74,2,,-1
190,74,2,,-1
191,74,2,,-1
192,74,31,,-1
193,74,2,,-1
194,74,2,,-1
195,74,2,,-1
196,74,2,,-1
197,91,1,,-1
198,91,1,,-1
199,92,1,,-1
200,92,1,,-1
201,98,37,,-1
202,98,36,,-1
203,98,36,,-1
204,99,37,,-1
205,99,36,,-1
206,99,36,,-1
207,100,37,,-1
208,100,36,,-1
209,100,36,,-1
210,117,2,,-1
211,117,2,,-1
212,117,2,,-1
213,117,2,,-1
214,117,2,,-1
215,117,2,,-1
216,117,2,,-1
217,117,2,,-1
218,117,2,,-1
219,117,2,,-1
220,117,2,,-1
221,117,2,,-1
222,117,2,,-1
223,117,2,,-1
224,117,2,,-1
225,117,2,,-1
226,118,2,,-1
227,118,2,,-1
228,118,2,,-1
229,118,2,,-1
230,118,2,,-1
231,118,2,,-1
232,118,2,,-1
233,118,2,,-1
234,118,2,,-1
235,118,2,,-1
236,118,2,,-1
237,118,2,,-1
238,118,2,,-1
239,118,2,,-1
240,118,2,,-1
241,118,2,,-1
242,119,2,,-1
243,119,2,,-1
244,119,2,,-1
245,119,2,,-1
246,119,2,,-1
247,119,2,,-1
248,119,2,,-1
249,119,2,,-1
250,119,2,,-1
251,119,2,,-1
252,119,2,,-1
253,119,2,,-1
254,119,2,,-1
255,119,2,,-1
256,119,2,,-1
257,119,2,,-1
258,120,2,,-1
259,120,2,,-1
260,120,2,,-1
261,120,2,,-1
262,120,2,,-1
263,120,2,,-1
264,120,2,,-1
265,120,2,,-1
266,120,2,,-1
267,120,2,,-1
268,120,2,,-1
269,120,2,,-1
270,120,2,,-1
271,120,2,,-1
272,120,2,,-1
273,120,2,,-1
274,121,2,,-1
275,121,2,,-1
276,121,2,,-1
277,121,2,,-1
278,121,2,,-1
279,121,2,,-1
280,121,2,,-1
281,121,2,,-1
282,121,2,,-1
283,121,2,,-1
284,121,2,,-1
285,121,2,,-1
286,121,2,,-1
287,121,2,,-1
288,121,2,,-1
289,121,2,,-1
290,124,37,,-1
291,124,36,,-1
292,124,36,,-1
293,125,37,,-1
294,125,36,,-1
295,125,36,,-1
296,126,37,,-1
297,126,36,,-1
298,126,36,,-1
299,131,14,,-1
300,131,20,,-1
301,131,20,,-1
302,131,20,,-1
303,131,20,,-1
304,131,20,,-1
305,131,20,,-1
306,131,20,,-1
307,131,18,,-1
308,131,20,,-1
309,131,1,,-1
310,131,20,,-1
311,131,21,,-1
312,131,20,,-1
313,131,1,,-1
314,131,13,,-1
315,131,1,,-1
316,131,20,,-1
317,131,20,,-1
318,131,20,,-1
319,131,20,,-1
320,131,20,,-1
321,131,20,,-1
322,131,20,,-1
323,132,9,,-1
324,132,9,,-1
325,132,46,,-1
326,132,9,,-1
327,133,9,,-1
328,133,9,,-1
329,133,9,,-1
330,134,9,,-1
331,134,9,,-1
332,134,9,,-1
333,135,2,,-1
334,136,2,,-1
335,137,2,,-1
336,138,2,,-1
337,138,2,,-1
338,139,2,,-1
339,140,2,,-1
340,141,2,,-1
341,142,1,,-1
342,142,1,,-1
343,143,1,,-1
344,143,1,,-1
345,144,1,,-1
346,144,1,,-1
347,145,2,,-1
348,148,2,,-1
349,148,2,,-1
350,148,34,,-1
351,149,2,,-1
352,149,2,,-1
353,150,2,,-1
354,150,2,,-1
355,150,34,,-1
356,161,2,,-1
357,161,2,,-1
358,161,2,,-1
359,161,2,,-1
360,162,2,,-1
361,162,2,,-1
362,162,2,,-1
363,162,2,,-1
364,163,2,,-1
365,163,2,,-1
366,163,2,,-1
367,163,2,,-1
368,164,1,,-1
369,164,1,,-1
370,164,1,,-1
371,164,1,,-1
372,164,1,,-1
373,164,1,,-1
374,164,1,,-1
375,164,1,,-1
376,164,1,,-1
377,164,1,,-1
378,164,1,,-1
379,164,1,,-1
380,164,1,,-1
381,165,2,,-1
382,165,2,,-1
383,165,2,,-1
384,165,2,,-1
385,166,2,,-1
386,166,2,,-1
387,166,2,,-1
388,166,2,,-1
389,167,26,15,1
390,167,15,,-1
391,170,2,15,0
392,170,15,,-1
393,170,15,,-1
394,171,2,15,0
395,171,15,,-1
396,171,15,,-1
397,172,2,15,0
398,172,15,,-1
399,172,15,,-1
400,173,2,15,0
401,173,15,,-1
402,173,15,,-1
403,174,6,,-1
404,174,1,,-1
405,174,1,,-1
406,174,1,,-1
407,174,49,,-1
408,174,1,,-1
409,174,20,,-1
410,174,1,,-1
411,174,1,,-1
412,180,2,,-1
413,180,2,,-1
414,180,2,,-1
415,180,2,,-1
416,180,2,,-1
417,181,9,,-1
418,181,2,,-1
419,182,9,,-1
420,182,2,,-1
421,183,9,,-1
422,183,2,,-1
423,205,2,,-1
424,206,2,,-1
425,211,2,15,0
426,211,15,,-1
427,212,2,15,0
428,212,15,,-1
429,213,2,,-1
430,213,2,,-1
431,213,2,,-1
432,214,2,,-1
433,214,2,,-1
434,214,2,,-1
435,215,2,,-1
436,215,2,,-1
437,215,2,,-1
438,227,2,,-1
439,227,2,,-1
440,227,2,,-1
441,227,2,,-1
442,228,2,,-1
443,228,2,,-1
444,228,2,,-1
445,228,2,,-1
446,229,2,,-1
447,229,2,,-1
448,229,2,,-1
449,229,2,,-1
450,230,2,,-1
451,230,2,,-1
452,230,2,,-1
453,230,2,,-1
454,240,2,,-1
455,240,2,,-1
456,241,2,,-1
457,241,2,,-1
458,242,34,,-1
459,242,36,,-1
460,242,37,,-1
461,243,36,,-1
462,243,37,,-1
463,246,2,,-1
464,246,2,,-1
465,247,2,,-1
466,247,2,,-1
467,247,59,,-1
468,248,2,,-1
469,248,2,,-1
470,248,59,,-1
471,250,2,,-1
472,251,1,,-1
473,251,1,,-1
474,251,1,,-1
475,251,1,,-1
476,251,1,,-1
477,251,1,,-1
478,251,1,,-1
479,254,1,,-1
480,254,1,,-1
481,254,1,,-1
482,254,1,,-1
483,254,1,,-1
484,254,1,,-1
485,254,1,,-1
486,254,1,,-1
487,254,1,,-1
488,254,1,,-1
489,254,1,,-1
490,254,1,,-1
491,254,1,,-1
492,254,1,,-1
493,254,1,,-1
494,254,1,,-1
495,254,1,,-1
496,254,1,,-1
497,254,1,,-1
498,254,1,,-1
499,254,1,,-1
500,254,1,,-1
501,254,1,,-1
502,254,1,,-1
503,254,1,,-1
504,254,1,,-1
505,254,1,,-1
506,254,1,,-1
507,254,1,,-1
508,254,1,,-1
509,254,1,,-1
510,254,1,,-1
511,255,1,,-1
512,255,1,,-1
513,255,1,,-1
514,255,1,,-1
515,255,1,,-1
516,255,1,,-1
517,255,1,,-1
518,255,1,,-1
519,255,1,,-1
520,255,1,,-1
521,255,1,,-1
522,255,1,,-1
523,255,1,,-1
524,255,1,,-1
525,255,1,,-1
526,255,1,,-1
527,255,1,,-1
528,255,1,,-1
529,255,1,,-1
530,255,1,,-1
531,255,1,,-1
532,255,1,,-1
533,255,1,,-1
534,255,1,,-1
535,255,1,,-1
536,255,1,,-1
537,255,1,,-1
538,255,1,,-1
539,255,1,,-1
540,255,1,,-1
541,255,1,,-1
542,255,1,,-1
543,256,2,,-1
544,256,2,,-1
545,256,2,,-1
546,256,2,,-1
547,257,2,,-1
548,257,2,,-1
549,257,2,,-1
550,257,2,,-1
551,258,2,,-1
552,258,2,,-1
553,258,2,,-1
554,258,2,,-1
555,261,21,,-1
556,261,21,,-1
557,261,6,,-1
558,261,12,,-1
559,280,2,,-1
560,280,2,,-1
561,280,2,,-1
562,280,2,,-1
563,281,2,,-1
564,281,2,,-1
565,281,2,,-1
566,281,2,,-1
567,282,2,,-1
568,282,2,,-1
569,282,2,,-1
570,282,2,,-1
571,283,2,,-1
572,283,2,,-1
573,283,2,,-1
574,283,2,,-1
575,284,2,65,9
576,284,65,,-1
577,285,2,65,9
578,285,65,,-1
579,286,2,65,9
580,286,65,,-1
581,297,15,,-1
582,298,15,,-1
583,299,15,,-1
584,300,15,,-1
585,301,15,,-1
586,302,15,,-1
587,303,15,,-1
588,304,15,,-1
589,310,1,,-1
590,318,2,,-1
591,318,2,,-1
592,318,2,,-1
593,318,2,,-1
594,319,2,,-1
595,319,2,,-1
596,319,2,,-1
597,319,2,,-1
598,322,2,,-1
599,322,2,,-1
600,322,26,,-1
601,323,2,,-1
602,323,2,,-1
603,323,31,,-1
604,323,26,,-1
605,324,2,,-1
606,324,2,,-1
607,324,31,,-1
608,324,26,,-1
609,325,2,,-1
610,325,2,,-1
611,325,31,,-1
612,325,26,,-1
613,326,2,,-1
614,326,2,,-1
615,326,31,,-1
616,326,26,,-1
617,327,2,,-1
618,327,2,,-1
619,327,31,,-1
620,327,26,,-1
621,328,2,,-1
622,328,2,,-1
623,328,31,,-1
624,328,26,,-1
625,329,2,,-1
626,329,2,,-1
627,329,31,,-1
628,329,26,,-1
629,330,2,,-1
630,330,2,,-1
631,330,31,,-1
632,330,26,,-1
633,331,2,,-1
634,331,2,,-1
635,331,31,,-1
636,331,26,,-1
637,332,2,,-1
638,332,2,,-1
639,332,31,,-1
640,332,26,,-1
641,333,2,,-1
642,333,2,,-1
643,333,31,,-1
644,333,26,,-1
645,334,2,,-1
646,334,2,,-1
647,334,31,,-1
648,334,26,,-1
649,335,31,,-1
650,335,2,,-1
651,335,2,,-1
652,335,2,,-1
653,335,2,,-1
654,335,2,,-1
655,336,31,,-1
656,336,2,,-1
657,336,2,,-1
658,336,2,,-1
659,336,2,,-1
660,336,2,,-1
661,337,31,,-1
662,337,2,,-1
663,337,2,,-1
664,337,2,,-1
665,337,2,,-1
666,337,2,,-1
667,346,9,,-1
668,346,2,,-1
669,346,2,,-1
670,347,9,,-1
671,347,2,,-1
672,347,2,,-1
673,348,9,,-1
674,348,2,,-1
675,348,2,,-1
676,349,9,,-1
677,349,2,,-1
678,349,2,,-1
679,350,9,,-1
680,350,2,,-1
681,350,2,,-1
682,351,2,,-1
683,351,2,,-1
684,351,2,,-1
685,351,2,,-1
686,351,2,,-1
687,352,2,,-1
688,352,2,,-1
689,352,2,,-1
690,352,2,,-1
691,352,2,,-1
692,353,2,,-1
693,353,2,,-1
694,353,2,,-1
695,353,2,,-1
696,353,2,,-1
697,354,2,,-1
698,354,2,,-1
699,354,2,,-1
700,354,2,,-1
701,354,2,,-1
702,355,2,,-1
703,355,2,,-1
704,355,2,,-1
705,355,2,,-1
706,355,2,,-1
707,356,2,,-1
708,356,2,,-1
709,356,2,,-1
710,356,2,,-1
711,356,2,,-1
712,357,2,,-1
713,357,2,,-1
714,357,2,,-1
715,357,2,,-1
716,357,2,,-1
717,358,2,,-1
718,358,2,,-1
719,358,2,,-1
720,358,2,,-1
721,358,2,,-1
722,358,72,,-1
723,377,2,15,0
724,377,15,,-1
725,378,2,15,0
726,378,15,,-1
727,379,78,,-1
728,379,2,,-1
729,379,2,,-1
730,379,78,,-1
731,379,9,,-1
732,379,2,,-1
733,379,2,,-1
734,379,2,,-1
735,379,2,,-1
736,379,31,,-1
737,379,2,,-1
738,379,2,,-1
739,380,2,,-1
740,380,2,,-1
741,380,9,,-1
742,380,2,,-1
743,380,2,,-1
744,380,2,,-1
745,380,2,,-1
746,380,31,,-1
747,380,2,,-1
748,380,2,,-1
749,381,2,,-1
750,381,2,,-1
751,381,9,,-1
752,381,2,,-1
753,381,2,,-1
754,381,2,,-1
755,381,77,,-1
756,381,2,,-1
757,381,2,,-1
758,381,77,,-1
759,381,2,,-1
760,382,2,,-1
761,382,2,,-1
762,382,9,,-1
763,382,2,,-1
764,382,2,,-1
765,382,2,,-1
766,382,2,,-1
767,382,2,,-1
768,382,2,,-1
769,383,2,,-1
770,383,2,,-1
771,383,9,,-1
772,383,2,,-1
773,383,2,,-1
774,383,2,,-1
775,383,2,,-1
776,383,31,,-1
777,383,2,,-1
778,383,2,,-1
779,384,2,,-1
780,384,2,,-1
781,384,9,,-1
782,384,2,,-1
783,384,2,,-1
784,384,2,,-1
785,384,2,,-1
786,384,31,,-1
787,384,2,,-1
788,384,2,,-1
789,397,2,,-1
790,397,2,,-1
791,397,9,,-1
792,398,2,,-1
793,398,2,,-1
794,398,9,,-1
795,399,1,,-1
796,399,1,,-1
797,399,1,,-1
798,399,1,,-1
799,399,1,,-1
800,399,1,,-1
801,399,1,,-1
802,399,1,,-1
803,399,1,,-1
804,399,1,,-1
805,399,1,,-1
806,399,1,,-1
807,399,18,,-1
808,399,1,,-1
809,399,1,,-1
810,399,21,,-1
811,399,1,,-1
812,399,1,,-1
813,399,1,,-1
814,399,1,,-1
815,399,18,,-1
816,399,1,,-1
817,399,1,,-1
818,399,1,,-1
819,399,1,,-1
820,399,1,,-1
821,399,1,,-1
822,399,1,,-1
823,399,1,,-1
824,399,1,,-1
825,399,1,,-1
826,399,1,,-1
827,399,1,,-1
828,399,1,,-1
829,399,20,,-1
830,399,1,,-1
831,399,58,,-1
832,399,1,,-1
833,399,1,,-1
834,399,1,,-1
835,399,1,,-1
836,399,1,,-1
837,399,1,,-1
838,399,1,,-1
839,399,1,,-1
840,399,1,,-1
841,399,1,,-1
842,399,1,,-1
843,399,1,,-1
844,399,1,,-1
845,399,1,,-1
846,399,1,,-1
847,399,1,,-1
848,399,1,,-1
849,399,1,,-1
850,399,1,,-1
851,399,1,,-1
852,399,1,,-1
853,399,1,,-1
854,399,1,,-1
855,399,1,,-1
856,399,1,,-1
857,400,1,,-1
858,400,1,,-1
859,400,1,,-1
860,400,1,,-1
861,400,1,,-1
862,400,1,,-1
863,400,1,,-1
864,400,1,,-1
865,400,1,,-1
866,400,1,,-1
867,400,1,,-1
868,400,1,,-1
869,400,1,,-1
870,400,1,,-1
871,400,21,,-1
872,400,1,,-1
873,400,1,,-1
874,400,1,,-1
875,400,1,,-1
876,400,1,,-1
877,400,1,,-1
878,400,1,,-1
879,400,1,,-1
880,400,1,,-1
881,400,1,,-1
882,400,1,,-1
883,400,1,,-1
884,400,1,,-1
885,400,1,,-1
886,400,1,,-1
887,400,1,,-1
888,400,1,,-1
889,400,20,,-1
890,400,1,,-1
891,400,1,,-1
892,400,1,,-1
893,400,1,,-1
894,400,1,,-1
895,400,1,,-1
896,400,1,,-1
897,400,1,,-1
898,400,1,,-1
899,400,1,,-1
900,400,1,,-1
901,400,1,,-1
902,400,1,,-1
903,400,1,,-1
904,400,1,,-1
905,400,1,,-1
906,400,1,,-1
907,400,1,,-1
908,400,1,,-1
909,400,1,,-1
910,400,1,,-1
911,400,6,,-1
912,400,1,,-1
913,400,1,,-1
914,400,1,,-1
915,400,1,,-1
916,400,1,,-1
917,401,2,,-1
918,401,2,,-1
919,401,9,,-1
920,402,2,,-1
921,402,2,,-1
922,402,9,,-1
923,403,2,,-1
924,403,2,,-1
925,403,9,,-1
926,411,2,,-1
927,411,2,,-1
928,411,2,,-1
929,411,2,,-1
930,411,2,,-1
931,411,2,,-1
932,411,2,,-1
933,411,2,,-1
934,411,2,,-1
935,411,2,,-1
936,411,2,,-1
937,411,2,,-1
938,411,2,,-1
939,411,2,,-1
940,411,2,,-1
941,411,2,,-1
942,411,2,,-1
943,412,2,,-1
944,412,2,,-1
945,412,2,,-1
946,412,2,,-1
947,412,2,,-1
948,412,2,,-1
949,412,2,,-1
950,412,2,,-1
951,412,2,,-1
952,412,2,,-1
953,412,2,,-1
954,412,2,,-1
955,412,2,,-1
956,412,2,,-1
957,412,2,,-1
958,412,2,,-1
959,412,2,,-1
960,413,2,,-1
961,413,2,,-1
962,413,2,,-1
963,413,2,,-1
964,413,2,,-1
965,413,2,,-1
966,413,2,,-1
967,413,2,,-1
968,413,2,,-1
969,413,2,,-1
970,413,2,,-1
971,413,2,,-1
972,413,2,,-1
973,413,2,,-1
974,413,2,,-1
975,413,2,,-1
976,413,2,,-1
977,414,2,,-1
978,414,2,,-1
979,414,2,,-1
980,414,2,,-1
981,414,2,,-1
982,414,2,,-1
983,414,2,,-1
984,414,2,,-1
985,414,2,,-1
986,414,2,,-1
987,414,2,,-1
988,414,2,,-1
989,414,2,,-1
990,414,2,,-1
991,414,2,,-1
992,414,2,,-1
993,414,2,,-1
994,415,2,,-1
995,415,2,,-1
996,415,2,,-1
997,415,2,,-1
998,416,2,,-1
999,416,2,,-1
1000,416,2,,-1
1001,416,2,,-1
1002,417,2,,-1
1003,417,2,,-1
1004,417,2,,-1
1005,417,2,,-1
1006,418,2,,-1
1007,418,2,,-1
1008,418,2,,-1
1009,418,2,,-1
1010,429,31,,-1
1011,429,87,,-1
1012,429,86,,-1
1013,429,31,,-1
1014,429,84,,-1
1015,429,2,,-1
1016,429,34,,-1
1017,429,85,,-1
1018,429,88,,-1
1019,429,2,,-1
1020,430,87,,-1
1021,430,84,,-1
1022,430,2,,-1
1023,430,2,,-1
1024,431,31,,-1
1025,431,87,,-1
1026,431,86,,-1
1027,431,31,,-1
1028,431,84,,-1
1029,431,2,,-1
1030,431,88,,-1
1031,431,2,,-1
1032,432,9,,-1
1033,433,2,,-1
1034,433,2,,-1
1035,433,59,,-1
1036,436,34,,-1
1037,437,34,,-1
1038,439,89,,-1
1039,440,89,,-1
1040,441,89,,-1
1041,442,89,,-1
1042,443,1,11,0
1043,443,11,,-1
1044,443,11,,-1
1045,449,6,,-1
1046,449,1,,-1
1047,456,2,,-1
1048,456,2,,-1
1049,457,2,,-1
1050,457,2,,-1
1051,480,31,,-1
1052,481,31,,-1
1053,482,31,,-1
1054,483,31,,-1
1055,486,2,,-1
1056,487,2,,-1
1057,488,86,,-1
1058,488,2,,-1
1059,489,2,,-1
1060,490,86,,-1
1061,490,2,,-1
1062,491,86,,-1
1063,491,2,,-1
1064,492,1,,-1
1065,492,1,,-1
1066,492,21,,-1
1067,492,20,,-1
1068,492,20,,-1
1069,492,1,,-1
1070,492,1,,-1
1071,492,20,,-1
1072,492,1,,-1
1073,492,20,,-1
1074,493,1,,-1
1075,493,1,,-1
1076,493,21,,-1
1077,493,20,,-1
1078,493,20,,-1
1079,493,1,,-1
1080,493,1,,-1
1081,493,20,,-1
1082,493,1,,-1
1083,493,20,,-1
1084,495,2,,-1
1085,495,86,,-1
1086,495,36,,-1
1087,496,2,,-1
1088,496,86,,-1
1089,496,36,,-1
1090,502,15,,-1
1091,503,15,,-1
1092,504,15,,-1
1093,505,2,15,0
1094,505,15,,-1
1095,506,2,15,0
1096,506,15,,-1
1097,507,2,15,0
1098,507,15,,-1
1099,508,2,15,0
1100,508,15,,-1
1101,509,2,15,0
1102,509,15,,-1
1103,510,2,15,0
1104,510,15,,-1
1105,511,2,15,0
1106,511,15,,-1
1107,512,2,15,0
1108,512,15,,-1
1109,513,2,15,0
1110,513,15,,-1
1111,514,2,15,0
1112,514,15,,-1
1113,515,2,15,0
1114,515,15,,-1
1115,516,2,15,0
1116,516,15,,-1
1117,517,1,,-1
1118,518,2,15,0
1119,518,15,,-1
1120,519,1,,-1
1121,520,1,,-1
1122,522,2,15,0
1123,522,15,,-1
1124,523,2,15,0
1125,523,15,,-1
1126,548,15,,-1
1127,548,2,15,0
1128,587,2,,-1
1129,587,2,,-1
1130,587,2,,-1
1131,588,2,,-1
1132,588,2,,-1
1133,588,2,,-1
1134,592,15,,-1
1135,593,15,,-1
1136,606,24,,-1
1137,606,6,,-1
1138,618,2,,-1
1139,618,2,,-1
1140,619,2,,-1
1141,619,2,,-1
1142,620,2,,-1
1143,620,2,,-1
1144,621,2,,-1
1145,621,2,,-1
1146,622,2,,-1
1147,622,2,,-1
1148,623,2,,-1
1149,623,2,,-1
1150,624,2,,-1
1151,624,2,,-1
1152,625,2,,-1
1153,625,2,,-1
1154,626,2,,-1
1155,626,2,,-1
1156,633,2,,-1
1157,633,2,,-1
1158,633,2,,-1
1159,634,2,,-1
1160,634,2,,-1
1161,634,2,,-1
1162,645,2,,-1
1163,645,2,,-1
1164,645,2,,-1
1165,645,2,,-1
1166,646,2,,-1
1167,646,2,,-1
1168,646,2,,-1
1169,646,2,,-1
1170,647,2,,-1
1171,647,2,,-1
1172,647,2,,-1
1173,647,2,,-1
1174,648,2,,-1
1175,648,2,,-1
1176,648,2,,-1
1177,648,2,,-1
1178,649,2,,-1
1179,650,21,,-1
1180,650,1,,-1
1181,650,1,,-1
1182,651,2,,-1
1183,652,2,,-1
1184,653,2,,-1
1185,654,2,,-1
1186,655,2,,-1
1187,659,2,15,0
1188,659,15,,-1
1189,660,2,15,0
1190,660,15,,-1
1191,661,2,,-1
1192,665,2,,-1
1193,665,2,,-1
1194,665,2,,-1
1195,665,2,,-1
1196,665,2,,-1
1197,665,2,,-1
1198,665,2,,-1
1199,666,2,,-1
1200,666,2,,-1
1201,666,2,,-1
1202,666,2,,-1
1203,666,2,,-1
1204,666,2,,-1
1205,666,2,,-1
1206,685,2,,-1
1207,686,2,,-1
1208,687,2,,-1
1209,688,2,,-1
1210,689,2,,-1
1211,691,2,,-1
1212,696,2,15,0
1213,696,31,15,4
1214,696,15,,-1
1215,709,36,,-1
1216,709,2,,-1
1217,709,2,,-1
1218,709,9,,-1
1219,710,1,,-1
1220,710,1,,-1
1221,711,2,,-1
1222,711,2,,-1
1223,711,9,,-1
1224,712,2,,-1
1225,712,2,,-1
1226,712,9,,-1
1227,729,31,,-1
1228,729,2,,-1
1229,730,31,,-1
1230,730,2,,-1
1231,740,9,,-1
1232,741,9,,-1
1233,742,9,,-1
1234,743,2,,-1
1235,744,2,,-1
1236,745,2,,-1
1237,746,2,,-1
1238,747,2,,-1
1239,748,2,,-1
1240,749,2,,-1
1241,750,2,,-1
1242,751,2,,-1
1243,752,2,,-1
1244,753,2,,-1
1245,754,2,,-1
1246,755,108,,-1
1247,755,2,,-1
1248,755,2,,-1
1249,766,15,,-1
1250,767,15,,-1
1251,772,26,8,9
1252,772,8,,-1
1253,772,87,8,9
1254,773,26,8,9
1255,773,8,,-1
1256,773,87,8,9
1257,774,26,8,9
1258,774,8,,-1
1259,774,87,8,9
1260,775,26,8,9
1261,775,8,,-1
1262,775,87,8,9
1263,776,26,8,9
1264,776,8,,-1
1265,776,87,8,9
1266,777,1,,-1
1267,777,1,,-1
1268,777,1,,-1
1269,777,1,,-1
1270,777,1,,-1
1271,777,1,,-1
1272,777,21,,-1
1273,777,1,,-1
1274,777,1,,-1
1275,777,1,,-1
1276,777,1,,-1
1277,777,1,,-1
1278,777,24,,-1
1279,777,1,,-1
1280,777,1,,-1
1281,777,1,,-1
1282,777,24,,-1
1283,777,1,,-1
1284,777,1,,-1
1285,777,24,,-1
1286,777,1,,-1
1287,777,1,,-1
1288,777,1,,-1
1289,778,2,,-1
1290,778,2,,-1
1291,778,2,,-1
1292,778,2,,-1
1293,778,2,,-1
1294,779,2,,-1
1295,779,2,,-1
1296,779,2,,-1
1297,779,2,,-1
1298,779,2,,-1
1299,780,2,,-1
1300,780,2,,-1
1301,780,31,,-1
1302,780,2,,-1
1303,780,2,,-1
1304,780,2,,-1
1305,781,2,,-1
1306,781,2,,-1
1307,781,31,,-1
1308,781,2,,-1
1309,781,2,,-1
1310,781,2,,-1
1311,782,2,,-1
1312,782,2,,-1
1313,782,31,,-1
1314,782,2,,-1
1315,782,2,,-1
1316,782,2,,-1
1317,790,9,15,2
1318,790,87,15,1
1319,790,85,15,1
1320,790,15,,-1
1321,790,2,15,0
1322,790,26,15,1
1323,791,9,15,2
1324,791,87,15,1
1325,791,15,,-1
1326,791,2,15,0
1327,791,26,15,1
1328,792,9,15,2
1329,792,87,15,1
1330,792,85,15,1
1331,792,15,,-1
1332,792,2,15,0
1333,792,26,15,1
1334,793,9,15,2
1335,793,87,15,1
1336,793,15,,-1
1337,793,2,15,0
1338,793,26,15,1
1339,794,9,15,2
1340,794,87,15,1
1341,794,85,15,1
1342,794,15,,-1
1343,794,2,15,0
1344,794,26,15,1
1345,795,9,15,2
1346,795,87,15,1
1347,795,85,15,1
1348,795,15,,-1
1349,795,2,15,0
1350,795,26,15,1
1351,803,9,,-1
1352,804,9,,-1
1353,819,1,,-1
1354,819,1,,-1
1355,820,2,,-1
1356,821,2,,-1
1357,822,2,,-1
1358,823,2,,-1
1359,830,2,15,0
1360,830,15,,-1
1361,830,15,,-1
1362,831,2,15,0
1363,831,15,,-1
1364,831,15,,-1
1365,834,2,,-1
1366,834,2,,-1
1367,834,2,,-1
1368,834,2,,-1
1369,836,2,,-1
1370,836,2,,-1
1371,836,2,,-1
1372,836,2,,-1
1373,837,2,,-1
1374,837,2,,-1
1375,837,2,,-1
1376,837,2,,-1
1377,849,31,,-1
1378,849,40,,-1
1379,858,2,,-1
1380,859,2,,-1
1381,860,2,,-1
1382,861,2,,-1
1383,880,23,,-1
1384,884,23,,-1
1385,889,2,8,8
1386,889,9,8,10
1387,889,8,,-1
1388,890,2,8,8
1389,890,9,8,10
1390,890,8,,-1
1391,891,2,8,8
1392,891,9,8,10
1393,891,8,,-1
1394,897,2,,-1
1395,898,2,,-1
1396,899,2,,-1
1397,900,2,,-1
1398,901,2,,-1
1399,904,8,,-1
1400,904,9,8,10
1401,905,8,,-1
1402,905,9,8,10
1403,911,26,,-1
1404,911,2,,-1
1405,911,2,,-1
1406,911,2,,-1
1407,911,87,,-1
1408,911,9,,-1
1409,911,2,,-1
1410,911,26,,-1
1411,911,26,,-1
1412,911,2,,-1
1413,912,26,,-1
1414,912,2,,-1
1415,912,2,,-1
1416,912,2,,-1
1417,912,87,,-1
1418,912,9,,-1
1419,912,2,,-1
1420,912,26,,-1
1421,912,26,,-1
1422,912,2,,-1
1423,913,9,,-1
1424,914,26,,-1
1425,914,2,,-1
1426,914,2,,-1
1427,914,2,,-1
1428,914,87,,-1
1429,914,9,,-1
1430,914,2,,-1
1431,914,26,,-1
1432,914,26,,-1
1433,914,2,,-1
1434,915,26,,-1
1435,915,2,,-1
1436,915,2,,-1
1437,915,2,,-1
1438,915,87,,-1
1439,915,9,,-1
1440,915,2,,-1
1441,915,26,,-1
1442,915,26,,-1
1443,915,2,,-1
1444,916,26,,-1
1445,916,2,,-1
1446,916,2,,-1
1447,916,2,,-1
1448,916,87,,-1
1449,916,9,,-1
1450,916,2,,-1
1451,916,26,,-1
1452,916,26,,-1
1453,916,111,,-1
1454,916,2,,-1
1455,917,26,,-1
1456,917,2,,-1
1457,917,2,,-1
1458,917,2,,-1
1459,917,87,,-1
1460,917,9,,-1
1461,917,2,,-1
1462,917,26,,-1
1463,917,26,,-1
1464,917,2,,-1
1465,918,26,,-1
1466,918,2,,-1
1467,918,2,,-1
1468,918,2,,-1
1469,918,87,,-1
1470,918,9,,-1
1471,918,2,,-1
1472,918,26,,-1
1473,918,26,,-1
1474,918,2,,-1
1475,919,26,,-1
1476,919,2,,-1
1477,919,2,,-1
1478,919,2,,-1
1479,919,87,,-1
1480,919,9,,-1
1481,919,2,,-1
1482,919,26,,-1
1483,919,26,,-1
1484,919,2,,-1
1485,920,26,,-1
1486,920,2,,-1
1487,920,2,,-1
1488,920,2,,-1
1489,920,87,,-1
1490,920,9,,-1
1491,920,2,,-1
1492,920,26,,-1
1493,920,26,,-1
1494,920,2,,-1
1495,921,26,,-1
1496,921,2,,-1
1497,921,2,,-1
1498,921,2,,-1
1499,921,87,,-1
1500,921,9,,-1
1501,921,2,,-1
1502,921,26,,-1
1503,921,26,,-1
1504,921,2,,-1
1505,922,26,,-1
1506,922,2,,-1
1507,922,2,,-1
1508,922,2,,-1
1509,922,87,,-1
1510,922,9,,-1
1511,922,2,,-1
1512,922,26,,-1
1513,922,26,,-1
1514,922,2,,-1
1515,923,26,,-1
1516,923,2,,-1
1517,923,2,,-1
1518,923,2,,-1
1519,923,87,,-1
1520,923,9,,-1
1521,923,2,,-1
1522,923,26,,-1
1523,923,26,,-1
1524,923,2,,-1
1525,924,26,,-1
1526,924,2,,-1
1527,924,2,,-1
1528,924,2,,-1
1529,924,87,,-1
1530,924,9,,-1
1531,924,2,,-1
1532,924,26,,-1
1533,924,26,,-1
1534,924,111,,-1
1535,924,2,,-1
1536,926,34,,-1
1537,926,34,,-1
1538,926,34,,-1
1539,926,34,,-1
1540,926,34,,-1
1541,926,34,,-1
1542,926,34,,-1
1543,926,34,,-1
1544,926,34,,-1
1545,931,2,,-1
1546,932,2,,-1
1547,933,2,,-1
1548,934,2,,-1
1549,935,2,,-1
1550,936,2,,-1
1551,937,2,,-1
1552,938,2,,-1
1553,939,2,,-1
1554,940,2,,-1
1555,941,2,,-1
1556,942,2,,-1
1557,943,2,,-1
1558,943,2,,-1
1559,944,2,,-1
1560,944,2,,-1
1561,945,2,,-1
1562,945,2,,-1
1563,946,2,,-1
1564,946,2,,-1
1565,950,15,,-1
1566,950,2,15,0
1567,955,2,,-1
1568,955,2,,-1
1569,955,2,,-1
1570,955,2,,-1
1571,955,2,,-1
1572,955,2,,-1
1573,955,2,,-1
1574,955,2,,-1
1575,955,2,,-1
1576,955,2,,-1
1577,955,2,,-1
1578,955,2,,-1
1579,955,2,,-1
1580,956,2,,-1
1581,956,2,,-1
1582,956,2,,-1
1583,956,2,,-1
1584,956,2,,-1
1585,956,2,,-1
1586,956,2,,-1
1587,956,2,,-1
1588,956,2,,-1
1589,956,2,,-1
1590,956,2,,-1
1591,956,2,,-1
1592,956,2,,-1
1593,962,1,,-1
1594,962,6,,-1
1595,963,2,,-1
1596,964,1,,-1
1597,964,6,,-1
1598,965,2,,-1
1599,965,2,,-1
1600,965,2,,-1
1601,965,2,,-1
1602,966,1,,-1
1603,966,1,,-1
1604,966,1,,-1
1605,967,2,,-1
1606,967,2,,-1
1607,967,2,,-1
1608,967,2,,-1
1609,968,1,,-1
1610,968,1,,-1
1611,968,1,,-1
1612,969,2,,-1
1613,969,2,,-1
1614,969,2,,-1
1615,969,2,,-1
1616,970,2,,-1
1617,970,2,,-1
1618,970,2,,-1
1619,970,2,,-1
1620,972,24,,-1
1621,972,6,,-1
1622,984,1,,-1
1623,984,1,,-1
1624,984,1,,-1
1625,984,1,,-1
1626,984,1,,-1
1627,984,1,,-1
1628,984,1,,-1
1629,984,1,,-1
1630,984,1,,-1
1631,984,1,,-1
1632,984,1,,-1
1633,984,1,,-1
1634,984,1,,-1
1635,984,1,,-1
1636,984,1,,-1
1637,984,1,,-1
1638,984,24,,-1
1639,984,1,,-1
1640,984,1,,-1
1641,984,1,,-1
1642,985,2,,-1
1643,985,2,,-1
1644,985,2,,-1
1645,986,2,,-1
1646,986,2,,-1
1647,986,2,,-1
1648,990,2,,-1
1649,990,2,,-1
1650,990,2,,-1
1651,991,2,,-1
1652,991,2,,-1
1653,991,2,,-1
1654,992,2,,-1
1655,992,2,,-1
1656,992,2,,-1
1657,1018,2,15,0
1658,1018,15,,-1
1659,1019,2,15,0
1660,1019,15,,-1
1661,1020,2,15,0
1662,1020,15,,-1
1663,1023,2,,-1
1664,1025,2,,-1
1665,1025,59,,-1
1666,1026,2,,-1
1667,1027,2,,-1
1668,1028,2,,-1
1669,1028,59,,-1
1670,1029,2,,-1
1671,1032,118,,-1
1672,1033,2,,-1
1673,1034,2,,-1
1674,1035,2,,-1
1675,1036,2,,-1
1676,1037,2,,-1
1677,1057,2,,-1
1678,1057,2,,-1
1679,1057,2,,-1
1680,1059,2,15,0
1681,1059,15,,-1
1682,1060,2,15,0
1683,1060,15,,-1
1684,1061,2,15,0
1685,1061,15,,-1
1686,1062,2,15,0
1687,1062,15,,-1
1688,1078,2,,-1
1689,1078,2,,-1
1690,1097,20,,-1
1691,1097,20,,-1
1692,1097,1,,-1
1693,1097,1,,-1
1694,1097,1,,-1
1695,1097,1,,-1
1696,1097,1,,-1
1697,1097,1,,-1
1698,1097,1,,-1
1699,1097,1,,-1
1700,1097,1,,-1
1701,1097,1,,-1
1702,1097,1,,-1
1703,1097,20,,-1
1704,1097,1,,-1
1705,1097,1,,-1
1706,1097,1,,-1
1707,1097,1,,-1
1708,1097,1,,-1
1709,1097,1,,-1
1710,1097,1,,-1
1711,1097,1,,-1
1712,1097,1,,-1
1713,1097,1,,-1
1714,1098,20,,-1
1715,1098,20,,-1
1716,1098,1,,-1
1717,1098,1,,-1
1718,1098,1,,-1
1719,1098,1,,-1
1720,1098,1,,-1
1721,1098,1,,-1
1722,1098,1,,-1
1723,1098,1,,-1
1724,1098,1,,-1
1725,1098,1,,-1
1726,1098,1,,-1
1727,1098,20,,-1
1728,1098,1,,-1
1729,1098,1,,-1
1730,1098,1,,-1
1731,1098,1,,-1
1732,1098,1,,-1
1733,1098,1,,-1
1734,1098,1,,-1
1735,1098,1,,-1
1736,1098,1,,-1
1737,1098,1,,-1
1738,1103,1,,-1
1739,1103,18,,-1
1740,1106,1,,-1
1741,1106,1,,-1
1742,1106,1,,-1
1743,1106,1,,-1
1744,1106,1,,-1
1745,1106,6,,-1
1746,1106,1,,-1
1747,1106,1,,-1
1748,1106,1,,-1
1749,1106,1,,-1
1750,1107,2,,-1
1751,1107,2,,-1
1752,1107,2,,-1
1753,1107,2,,-1
1754,1107,2,,-1
1755,1107,2,,-1
1756,1107,2,,-1
1757,1107,2,,-1
1758,1107,2,,-1
1759,1107,2,,-1
1760,1107,2,,-1
1761,1107,2,,-1
1762,1107,2,,-1
1763,1107,2,,-1
1764,1107,2,,-1
1765,1107,2,,-1
1766,1107,2,,-1
1767,1121,8,,-1
1768,1122,8,,-1
1769,1123,8,,-1
1770,1128,2,,-1
1771,1129,2,,-1
1772,1130,2,,-1
1773,1132,2,,-1
1774,1133,2,,-1
1775,1134,2,,-1
1776,1135,2,,-1
1777,1136,1,,-1
1778,1136,10,,-1
1779,1136,1,,-1
1780,1136,1,,-1
1781,1136,39,,-1
1782,1136,1,,-1
1783,1136,39,,-1
1784,1136,1,,-1
1785,1136,1,,-1
1786,1136,1,,-1
1787,1136,39,,-1
1788,1136,10,,-1
1789,1136,10,,-1
1790,1137,2,,-1
1791,1138,2,,-1
1792,1142,2,,-1
1793,1142,2,,-1
1794,1142,2,,-1
1795,1142,2,,-1
1796,1143,2,,-1
1797,1143,2,,-1
1798,1143,2,,-1
1799,1143,2,,-1
1800,1144,15,,-1
1801,1144,2,15,0
1802,1145,15,,-1
1803,1145,2,15,0
1804,1146,15,,-1
1805,1146,2,15,0
1806,1147,15,,-1
1807,1147,2,15,0
1808,1148,15,,-1
1809,1148,2,15,0
1810,1149,15,,-1
1811,1149,2,15,0
1812,1150,15,,-1
1813,1150,2,15,0
1814,1151,1,,-1
1815,1151,1,,-1
1816,1151,4,,-1
1817,1151,1,,-1
1818,1151,1,,-1
1819,1151,1,,-1
1820,1151,1,,-1
1821,1151,1,,-1
1822,1151,1,,-1
1823,1151,1,,-1
1824,1151,1,,-1
1825,1151,1,,-1
1826,1151,1,,-1
1827,1151,1,,-1
1828,1157,1,,-1
1829,1157,1,,-1
1830,1163,2,15,0
1831,1163,15,,-1
1832,1164,2,15,0
1833,1164,15,,-1
1834,1165,2,15,0
1835,1165,15,,-1
1836,1170,2,,-1
1837,1170,2,,-1
1838,1170,2,,-1
1839,1170,2,,-1
1840,1170,2,,-1
1841,1171,2,,-1
1842,1171,2,,-1
1843,1171,2,,-1
1844,1171,2,,-1
1845,1171,2,,-1
1846,1172,2,,-1
1847,1172,2,,-1
1848,1172,2,,-1
1849,1172,2,,-1
1850,1172,2,,-1
1851,1193,2,,-1
1852,1194,2,,-1
1853,1197,2,15,0
1854,1197,15,,-1
1855,1198,2,15,0
1856,1198,15,,-1
1857,1199,2,15,0
1858,1199,15,,-1
1859,1200,2,15,0
1860,1200,15,,-1
1861,1201,2,15,0
1862,1201,15,,-1
1863,1202,2,15,0
1864,1202,15,,-1
1865,1203,2,15,0
1866,1203,15,,-1
1867,1204,2,15,0
1868,1204,15,,-1
1869,1205,2,15,0
1870,1205,15,,-1
1871,1206,2,15,0
1872,1206,28,15,3
1873,1206,15,,-1
1874,1207,2,15,0
1875,1207,15,,-1
1876,1208,2,15,0
1877,1208,28,15,3
1878,1208,15,,-1
1879,1208,46,15,7
1880,1209,2,15,0
1881,1209,15,,-1
1882,1210,2,15,0
1883,1210,15,,-1
1884,1211,2,15,0
1885,1211,15,,-1
1886,1212,1,,-1
1887,1212,1,,-1
1888,1212,1,,-1
1889,1212,1,,-1
1890,1212,1,,-1
1891,1212,1,,-1
1892,1212,1,,-1
1893,1213,1,,-1
1894,1213,1,,-1
1895,1213,1,,-1
1896,1213,1,,-1
1897,1213,1,,-1
1898,1213,1,,-1
1899,1213,1,,-1
1900,1214,2,15,0
1901,1214,15,,-1
1902,1215,2,15,0
1903,1215,15,,-1
1904,1216,2,15,0
1905,1216,15,,-1
1906,1217,2,15,0
1907,1217,15,,-1
1908,1218,2,15,0
1909,1218,15,,-1
1910,1231,15,,-1
1911,1231,15,,-1
1912,1231,15,,-1
1913,1232,15,,-1
1914,1232,15,,-1
1915,1232,15,,-1
1916,1233,1,,-1
1917,1233,1,,-1
1918,1234,2,15,0
1919,1234,15,,-1
1920,1235,2,15,0
1921,1235,15,,-1
1922,1236,2,15,0
1923,1236,15,,-1
1924,1237,2,15,0
1925,1237,15,,-1
1926,1238,20,,-1
1927,1238,6,,-1
1928,1248,34,,-1
1929,1249,34,,-1
1930,1251,34,,-1
1931,1259,9,8,10
1932,1259,8,,-1
1933,1260,9,8,10
1934,1260,8,,-1
1935,1261,9,8,10
1936,1261,8,,-1
1937,1262,9,8,10
1938,1262,8,,-1
1939,1268,2,,-1
1940,1289,2,,-1
1941,1290,2,,-1
1942,1291,2,,-1
1943,1292,9,,-1
1944,1293,9,,-1
1945,1295,2,,-1
1946,1296,2,,-1
1947,1297,2,,-1
1948,1315,15,,-1
1949,1315,36,15,5
1950,1328,2,,-1
1951,1328,2,,-1
1952,1328,2,,-1
1953,1329,2,,-1
1954,1329,2,,-1
1955,1329,2,,-1
1956,1330,2,,-1
1957,1330,2,,-1
1958,1330,2,,-1
1959,1331,2,,-1
1960,1331,2,,-1
1961,1331,2,,-1
1962,1332,2,,-1
1963,1332,2,,-1
1964,1332,2,,-1
1965,1333,31,,-1
1966,1333,31,,-1
1967,1333,31,,-1
1968,1333,31,,-1
1969,1333,31,,-1
1970,1345,2,,-1
1971,1345,31,,-1
1972,1345,2,,-1
1973,1345,31,,-1
1974,1345,31,,-1
1975,1345,2,,-1
1976,1345,2,,-1
1977,1345,31,,-1
1978,1345,2,,-1
1979,1345,2,,-1
1980,1346,1,,-1
1981,1346,1,,-1
1982,1346,1,,-1
1983,1346,1,,-1
1984,1346,1,,-1
1985,1346,1,,-1
1986,1346,1,,-1
1987,1346,1,,-1
1988,1346,1,,-1
1989,1346,1,,-1
1990,1346,1,,-1
1991,1346,24,,-1
1992,1346,1,,-1
1993,1346,1,,-1
1994,1346,1,,-1
1995,1346,1,,-1
1996,1346,1,,-1
1997,1346,1,,-1
1998,1346,1,,-1
1999,1346,1,,-1
2000,1346,1,,-1
2001,1346,1,,-1
2002,1346,1,,-1
2003,1346,1,,-1
2004,1346,1,,-1
2005,1346,1,,-1
2006,1346,1,,-1
2007,1346,1,,-1
2008,1346,1,,-1
2009,1346,1,,-1
2010,1346,1,,-1
2011,1346,1,,-1
2012,1346,1,,-1
2013,1346,1,,-1
2014,1346,1,,-1
2015,1346,1,,-1
2016,1346,1,,-1
2017,1346,1,,-1
2018,1346,1,,-1
2019,1346,1,,-1
2020,1346,1,,-1
2021,1346,1,,-1
2022,1346,24,,-1
2023,1346,1,,-1
2024,1346,1,,-1
2025,1346,1,,-1
2026,1346,1,,-1
2027,1346,1,,-1
2028,1346,1,,-1
2029,1346,1,,-1
2030,1346,1,,-1
2031,1346,1,,-1
2032,1346,1,,-1
2033,1346,1,,-1
2034,1346,1,,-1
2035,1346,1,,-1
2036,1346,1,,-1
2037,1346,1,,-1
2038,1346,1,,-1
2039,1346,1,,-1
2040,1346,1,,-1
2041,1346,24,,-1
2042,1346,1,,-1
2043,1346,1,,-1
2044,1346,1,,-1
2045,1346,24,,-1
2046,1346,1,,-1
2047,1346,1,,-1
2048,1346,1,,-1
2049,1346,24,,-1
2050,1346,1,,-1
2051,1347,32,15,4
2052,1347,2,15,0
2053,1347,15,,-1
2054,1347,31,15,4
2055,1348,32,15,4
2056,1348,2,15,0
2057,1348,15,,-1
2058,1348,31,15,4
2059,1349,32,15,4
2060,1349,2,15,0
2061,1349,15,,-1
2062,1349,31,15,4
2063,1350,32,15,4
2064,1350,2,15,0
2065,1350,111,15,4
2066,1350,15,,-1
2067,1350,31,15,4
2068,1351,32,15,4
2069,1351,2,15,0
2070,1351,15,,-1
2071,1352,32,15,4
2072,1352,2,15,0
2073,1352,15,,-1
2074,1353,32,15,4
2075,1353,2,15,0
2076,1353,15,,-1
2077,1353,31,15,4
2078,1354,32,15,4
2079,1354,2,15,0
2080,1354,15,,-1
2081,1354,31,15,4
2082,1355,32,15,4
2083,1355,2,15,0
2084,1355,15,,-1
2085,1355,31,15,4
2086,1356,32,15,4
2087,1356,2,15,0
2088,1356,15,,-1
2089,1356,31,15,4
2090,1357,2,15,0
2091,1357,15,,-1
2092,1357,31,15,4
2093,1365,1,,-1
2094,1365,1,,-1
2095,1365,33,,-1
2096,1365,6,,-1
2097,1365,1,,-1
2098,1365,6,,-1
2099,1365,6,,-1
2100,1366,1,,-1
2101,1366,1,,-1
2102,1366,6,,-1
2103,1366,1,,-1
2104,1366,6,,-1
2105,1366,6,,-1
2106,1367,15,,-1
2107,1368,2,,-1
2108,1368,2,,-1
2109,1368,2,,-1
2110,1369,1,,-1
2111,1369,1,,-1
2112,1369,1,,-1
2113,1369,1,,-1
2114,1369,1,,-1
2115,1369,1,,-1
2116,1369,1,,-1
2117,1369,1,,-1
2118,1370,2,,-1
2119,1370,2,,-1
2120,1370,2,,-1
2121,1371,2,,-1
2122,1371,2,,-1
2123,1371,2,,-1
2124,1372,2,,-1
2125,1372,2,,-1
2126,1372,2,,-1
2127,1373,2,,-1
2128,1373,2,,-1
2129,1373,2,,-1
2130,1374,2,,-1
2131,1374,2,,-1
2132,1374,2,,-1
2133,1375,15,,-1
2134,1376,15,,-1
2135,1377,15,,-1
2136,1378,15,,-1
2137,1379,1,,-1
2138,1379,1,,-1
2139,1379,1,,-1
2140,1379,1,,-1
2141,1379,6,,-1
2142,1396,2,,-1
2143,1397,2,,-1
2144,1399,2,,-1
2145,1400,2,,-1
2146,1401,2,,-1
2147,1406,2,15,0
2148,1406,15,,-1
2149,1407,2,15,0
2150,1407,15,,-1
2151,1408,2,15,0
2152,1408,15,,-1
2153,1409,2,15,0
2154,1409,15,,-1
2155,1410,2,15,0
2156,1410,15,,-1
2157,1411,2,15,0
2158,1411,15,,-1
2159,1412,2,15,0
2160,1412,15,,-1
2161,1413,2,,-1
2162,1413,84,,-1
2163,1413,2,,-1
2164,1414,2,,-1
2165,1414,84,,-1
2166,1414,2,,-1
2167,1415,2,,-1
2168,1415,84,,-1
2169,1415,2,,-1
2170,1416,2,,-1
2171,1416,84,,-1
2172,1416,2,,-1
2173,1417,2,,-1
2174,1417,84,,-1
2175,1417,2,,-1
2176,1418,2,,-1
2177,1418,84,,-1
2178,1418,2,,-1
2179,1419,2,,-1
2180,1419,84,,-1
2181,1419,2,,-1
2182,1420,2,,-1
2183,1420,84,,-1
2184,1420,2,,-1
2185,1421,2,,-1
2186,1421,84,,-1
2187,1421,2,,-1
2188,1422,2,,-1
2189,1422,84,,-1
2190,1422,2,,-1
2191,1423,2,,-1
2192,1423,84,,-1
2193,1423,2,,-1
2194,1424,2,,-1
2195,1424,84,,-1
2196,1424,2,,-1
2197,1425,2,,-1
2198,1425,84,,-1
2199,1425,2,,-1
2200,1426,2,,-1
2201,1426,84,,-1
2202,1426,2,,-1
2203,1427,2,,-1
2204,1427,84,,-1
2205,1427,2,,-1
2206,1431,15,,-1
2207,1431,2,15,0
2208,1432,15,,-1
2209,1432,2,15,0
2210,1433,15,,-1
2211,1433,2,15,0
2212,1434,15,,-1
2213,1434,2,15,0
2214,1435,1,11,0
2215,1435,11,,-1
2216,1448,1,,-1
2217,1448,1,,-1
2218,1448,1,,-1
2219,1448,1,,-1
2220,1448,1,,-1
2221,1448,1,,-1
2222,1452,34,,-1
2223,1452,86,,-1
2224,1452,85,,-1
2225,1452,87,,-1
2226,1452,88,,-1
2227,1452,9,,-1
2228,1452,31,,-1
2229,1452,2,,-1
2230,1452,84,,-1
2231,1453,86,,-1
2232,1453,87,,-1
2233,1453,88,,-1
2234,1453,9,,-1
2235,1453,31,,-1
2236,1453,2,,-1
2237,1453,84,,-1
2238,1454,2,,-1
2239,1455,2,,-1
2240,1456,2,,-1
2241,1465,2,,-1
2242,1465,2,,-1
2243,1466,2,,-1
2244,1466,2,,-1
2245,1467,2,,-1
2246,1467,2,,-1
2247,1475,2,,-1
2248,1487,2,,-1
2249,1487,2,,-1
2250,1487,2,,-1
2251,1487,2,,-1
2252,1487,2,,-1
2253,1487,2,,-1
2254,1488,31,,-1
2255,1488,2,,-1
2256,1488,2,,-1
2257,1488,2,,-1
2258,1488,2,,-1
2259,1488,2,,-1
2260,1488,2,,-1
2261,1489,31,,-1
2262,1489,2,,-1
2263,1489,2,,-1
2264,1489,2,,-1
2265,1489,2,,-1
2266,1489,2,,-1
2267,1489,2,,-1
2268,1490,31,,-1
2269,1490,2,,-1
2270,1490,2,,-1
2271,1490,2,,-1
2272,1490,2,,-1
2273,1490,2,,-1
2274,1490,2,,-1
2275,1492,59,,-1
2276,1502,2,,-1
2277,1503,2,,-1
2278,1504,2,,-1
2279,1507,59,15,5
2280,1507,15,,-1
2281,1508,59,15,5
2282,1508,15,,-1
2283,1512,2,,-1
2284,1512,2,,-1
2285,1513,2,,-1
2286,1513,2,,-1
2287,1514,2,,-1
2288,1514,2,,-1
2289,1515,2,,-1
2290,1515,2,,-1
2291,1516,2,,-1
2292,1516,2,,-1
2293,1517,2,,-1
2294,1517,2,,-1
2295,1518,2,,-1
2296,1518,2,,-1
2297,1519,2,,-1
2298,1519,2,,-1
2299,1520,2,,-1
2300,1520,2,,-1
2301,1521,2,,-1
2302,1521,2,,-1
2303,1522,2,,-1
2304,1522,2,,-1
2305,1523,2,,-1
2306,1523,2,,-1
2307,1528,2,,-1
2308,1529,2,,-1
2309,1533,85,,-1
2310,1533,2,,-1
2311,1534,85,,-1
2312,1534,2,,-1
2313,1535,2,,-1
2314,1540,2,,-1
2315,1541,2,,-1
2316,1542,2,,-1
2317,1543,2,,-1
2318,1544,2,,-1
2319,1545,2,,-1
2320,1546,2,,-1
2321,1547,33,,-1
2322,1547,1,,-1
2323,1555,1,11,0
2324,1555,11,,-1
2325,1556,15,,-1
2326,1557,15,,-1
2327,1559,2,,-1
2328,1559,2,,-1
2329,1559,2,,-1
2330,1559,2,,-1
2331,1560,2,,-1
2332,1560,2,,-1
2333,1560,2,,-1
2334,1560,2,,-1
2335,1589,2,,-1
2336,1590,2,,-1
2337,1591,2,,-1
2338,1592,2,,-1
2339,1593,2,,-1
2340,1597,2,,-1
2341,1598,2,,-1
2342,1599,2,,-1
2343,1600,2,,-1
2344,1601,2,,-1
2345,1602,2,,-1
2346,1603,2,,-1
2347,1604,2,,-1
2348,1605,2,,-1
2349,1606,2,,-1
2350,1612,2,,-1
2351,1612,2,,-1
2352,1612,2,,-1
2353,1613,2,,-1
2354,1613,2,,-1
2355,1613,2,,-1
2356,1614,2,,-1
2357,1614,2,,-1
2358,1614,2,,-1
2359,1621,9,,-1
2360,1621,9,,-1
2361,1621,9,,-1
2362,1621,9,,-1
2363,1621,9,,-1
2364,1621,9,,-1
2365,1622,9,,-1
2366,1622,9,,-1
2367,1622,9,,-1
2368,1622,9,,-1
2369,1622,9,,-1
2370,1622,9,,-1
2371,1623,9,,-1
2372,1623,9,,-1
2373,1623,9,,-1
2374,1623,9,,-1
2375,1623,9,,-1
2376,1623,9,,-1
2377,1624,9,,-1
2378,1624,9,,-1
2379,1624,9,,-1
2380,1624,9,,-1
2381,1624,9,,-1
2382,1624,9,,-1
2383,1625,9,,-1
2384,1625,9,,-1
2385,1625,9,,-1
2386,1625,9,,-1
2387,1625,9,,-1
2388,1625,9,,-1
2389,1626,9,,-1
2390,1626,9,,-1
2391,1626,9,,-1
2392,1626,9,,-1
2393,1626,9,,-1
2394,1626,9,,-1
2395,1627,9,,-1
2396,1627,9,,-1
2397,1627,9,,-1
2398,1627,9,,-1
2399,1627,9,,-1
2400,1627,9,,-1
2401,1633,2,,-1
2402,1663,2,,-1
2403,1663,2,,-1
2404,1663,2,,-1
2405,1664,1,,-1
2406,1664,20,,-1
2407,1664,1,,-1
2408,1664,1,,-1
2409,1664,1,,-1
2410,1664,1,,-1
2411,1664,24,,-1
2412,1664,1,,-1
2413,1664,1,,-1
2414,1664,1,,-1
2415,1664,1,,-1
2416,1664,20,,-1
2417,1664,1,,-1
2418,1664,1,,-1
2419,1664,1,,-1
2420,1664,1,,-1
2421,1664,6,,-1
2422,1664,1,,-1
2423,1664,1,,-1
2424,1664,1,,-1
2425,1664,1,,-1
2426,1665,2,,-1
2427,1665,2,,-1
2428,1665,2,,-1
2429,1666,2,,-1
2430,1666,2,,-1
2431,1666,2,,-1
2432,1669,2,15,0
2433,1669,26,15,1
2434,1669,15,,-1
2435,1670,2,15,0
2436,1670,26,15,1
2437,1670,15,,-1
2438,1678,1,,-1
2439,1679,2,,-1
2440,1679,2,,-1
2441,1680,2,,-1
2442,1680,2,,-1
2443,1681,2,,-1
2444,1681,2,,-1
2445,1698,1,,-1
2446,1710,15,,-1
2447,1710,2,15,0
2448,1711,2,15,0
2449,1711,37,15,6
2450,1711,15,,-1
2451,1712,2,15,0
2452,1712,37,15,6
2453,1712,15,,-1
2454,1713,2,15,0
2455,1713,37,15,6
2456,1713,15,,-1
2457,1721,1,,-1
2458,1721,1,,-1
2459,1721,1,,-1
2460,1721,12,,-1
2461,1721,1,,-1
2462,1721,1,,-1
2463,1722,31,,-1
2464,1723,31,,-1
2465,1724,31,,-1
2466,1730,2,,-1
2467,1730,2,,-1
2468,1730,2,,-1
2469,1731,2,,-1
2470,1731,2,,-1
2471,1731,2,,-1
2472,1747,1,,-1
2473,1747,12,,-1
2474,1750,2,,-1
2475,1751,2,,-1
2476,1752,2,,-1
2477,1753,2,,-1
2478,1754,2,,-1
2479,1755,2,,-1
2480,1756,2,,-1
2481,1757,2,,-1
2482,1764,31,,-1
2483,1765,31,,-1
2484,1766,31,,-1
2485,1767,31,,-1
2486,1768,31,,-1
2487,1769,31,,-1
2488,1771,1,,-1
2489,1771,1,,-1
2490,1771,1,,-1
2491,1771,1,,-1
2492,1774,86,,-1
2493,1774,2,,-1
2494,1774,84,,-1
2495,1774,2,,-1
2496,1774,84,,-1
2497,1774,31,,-1
2498,1775,2,,-1
2499,1775,87,,-1
2500,1775,2,,-1
2501,1776,2,,-1
2502,1776,87,,-1
2503,1776,2,,-1
2504,1777,1,,-1
2505,1777,1,,-1
2506,1777,20,,-1
2507,1777,1,,-1
2508,1777,24,,-1
2509,1777,1,,-1
2510,1778,2,,-1
2511,1778,87,,-1
2512,1778,2,,-1
2513,1780,2,,-1
2514,1781,2,,-1
2515,1788,132,15,6
2516,1788,132,8,10
2517,1788,15,,-1
2518,1788,8,,-1
2519,1788,59,15,5
2520,1788,59,8,13
2521,1788,15,,-1
2522,1789,132,15,6
2523,1789,132,8,10
2524,1789,15,,-1
2525,1789,8,,-1
2526,1789,59,15,5
2527,1789,59,8,13
2528,1789,15,,-1
2529,1790,132,15,6
2530,1790,132,8,10
2531,1790,15,,-1
2532,1790,8,,-1
2533,1790,59,15,5
2534,1790,59,8,13
2535,1790,15,,-1
2536,1791,132,15,6
2537,1791,132,8,10
2538,1791,15,,-1
2539,1791,8,,-1
2540,1791,59,15,5
2541,1791,59,8,13
2542,1791,15,,-1
2543,1793,29,,-1
2544,1793,29,,-1
2545,1793,2,,-1
2546,1793,2,,-1
2547,1793,29,,-1
2548,1793,31,,-1
2549,1793,29,,-1
2550,1793,2,,-1
2551,1793,2,,-1
2552,1793,29,,-1
2553,1793,29,,-1
2554,1793,29,,-1
2555,1793,134,,-1
2556,1793,29,,-1
2557,1794,26,,-1
2558,1794,2,,-1
2559,1794,26,,-1
2560,1795,26,,-1
2561,1795,2,,-1
2562,1795,26,,-1
2563,1796,26,,-1
2564,1796,2,,-1
2565,1796,26,,-1
2566,1799,24,,-1
2567,1800,24,,-1
2568,1826,15,,-1
2569,1826,15,,-1
2570,1827,15,,-1
2571,1827,15,,-1
2572,1832,2,,-1
2573,1834,2,,-1
2574,1836,2,,-1
2575,1836,2,,-1
2576,1837,2,,-1
2577,1837,2,,-1
2578,1838,2,,-1
2579,1838,2,,-1
2580,1839,2,,-1
2581,1839,2,,-1
2582,1840,2,,-1
2583,1840,2,,-1
2584,1841,111,,-1
2585,1841,2,,-1
2586,1841,2,,-1
2587,1862,36,,-1
2588,1862,31,,-1
2589,1863,36,,-1
2590,1863,31,,-1
2591,1864,36,,-1
2592,1864,31,,-1
2593,1865,2,,-1
2594,1865,2,,-1
2595,1866,2,,-1
2596,1866,2,,-1
2597,1867,2,,-1
2598,1867,2,,-1
2599,1867,2,,-1
2600,1867,2,,-1
2601,1867,2,,-1
2602,1867,2,,-1
2603,1885,84,15,3
2604,1885,31,15,4
2605,1885,15,,-1
2606,1886,84,15,3
2607,1886,31,15,4
2608,1886,15,,-1
2609,1887,84,15,3
2610,1887,31,15,4
2611,1887,15,,-1
2612,1888,84,15,3
2613,1888,31,15,4
2614,1888,15,,-1
2615,1889,84,15,3
2616,1889,31,15,4
2617,1889,15,,-1
2618,1890,84,15,3
2619,1890,15,,-1
2620,1891,84,15,3
2621,1891,31,15,4
2622,1891,15,,-1
2623,1892,84,15,3
2624,1892,31,15,4
2625,1892,15,,-1
2626,1893,1,,-1
2627,1893,1,,-1
2628,1893,1,,-1
2629,1893,1,,-1
2630,1893,1,,-1
2631,1893,1,,-1
2632,1893,1,,-1
2633,1893,1,,-1
2634,1893,1,,-1
2635,1893,1,,-1
2636,1893,1,,-1
2637,1893,20,,-1
2638,1893,1,,-1
2639,1893,1,,-1
2640,1893,20,,-1
2641,1893,21,,-1
2642,1893,1,,-1
2643,1893,1,,-1
2644,1893,1,,-1
2645,1893,1,,-1
2646,1893,1,,-1
2647,1893,1,,-1
2648,1893,1,,-1
2649,1893,21,,-1
2650,1893,20,,-1
2651,1893,1,,-1
2652,1893,1,,-1
2653,1893,1,,-1
2654,1893,1,,-1
2655,1893,1,,-1
2656,1893,1,,-1
2657,1893,1,,-1
2658,1893,1,,-1
2659,1893,1,,-1
2660,1893,1,,-1
2661,1893,1,,-1
2662,1893,1,,-1
2663,1893,1,,-1
2664,1893,1,,-1
2665,1893,1,,-1
2666,1893,1,,-1
2667,1893,1,,-1
2668,1893,1,,-1
2669,1893,1,,-1
2670,1893,1,,-1
2671,1893,1,,-1
2672,1893,1,,-1
2673,1893,1,,-1
2674,1893,1,,-1
2675,1893,1,,-1
2676,1893,1,,-1
2677,1893,20,,-1
2678,1893,1,,-1
2679,1893,1,,-1
2680,1893,1,,-1
2681,1893,1,,-1
2682,1893,1,,-1
2683,1893,1,,-1
2684,1893,20,,-1
2685,1893,20,,-1
2686,1893,1,,-1
2687,1893,1,,-1
2688,1893,1,,-1
2689,1893,1,,-1
2690,1895,2,,-1
2691,1895,26,,-1
2692,1896,2,,-1
2693,1896,26,,-1
2694,1897,90,,-1
2695,1897,1,,-1
2696,1897,4,,-1
2697,1897,1,,-1
2698,1897,4,,-1
2699,1897,13,,-1
2700,1897,4,,-1
2701,1898,1,,-1
2702,1898,1,,-1
2703,1898,13,,-1
2704,1899,1,,-1
2705,1899,6,,-1
2706,1899,1,,-1
2707,1899,6,,-1
2708,1900,1,,-1
2709,1900,6,,-1
2710,1900,1,,-1
2711,1900,6,,-1
2712,1903,2,,-1
2713,1904,2,,-1
2714,1905,2,,-1
2715,1906,2,,-1
2716,1907,2,,-1
2717,1908,2,,-1
2718,1911,2,,-1
2719,1911,2,,-1
2720,1911,2,,-1
2721,1911,2,,-1
2722,1912,1,,-1
2723,1912,1,,-1
2724,1912,1,,-1
2725,1912,1,,-1
2726,1912,1,,-1
2727,1912,1,,-1
2728,1912,1,,-1
2729,1912,1,,-1
2730,1912,1,,-1
2731,1912,1,,-1
2732,1912,1,,-1
2733,1912,1,,-1
2734,1913,1,,-1
2735,1913,1,,-1
2736,1913,1,,-1
2737,1913,1,,-1
2738,1913,1,,-1
2739,1913,1,,-1
2740,1913,1,,-1
2741,1913,1,,-1
2742,1913,1,,-1
2743,1913,1,,-1
2744,1913,1,,-1
2745,1913,1,,-1
2746,1914,2,,-1
2747,1915,2,,-1
2748,1916,2,,-1
2749,1917,2,,-1
2750,1918,2,,-1
2751,1918,2,,-1
2752,1918,2,,-1
2753,1918,2,,-1
2754,1918,2,,-1
2755,1918,2,,-1
2756,1918,2,,-1
2757,1918,2,,-1
2758,1918,2,,-1
2759,1918,2,,-1
2760,1918,2,,-1
2761,1918,2,,-1
2762,1918,2,,-1
2763,1918,2,,-1
2764,1918,2,,-1
2765,1918,2,,-1
2766,1918,2,,-1
2767,1918,2,,-1
2768,1919,2,,-1
2769,1919,2,,-1
2770,1919,2,,-1
2771,1919,2,,-1
2772,1919,2,,-1
2773,1919,2,,-1
2774,1919,2,,-1
2775,1919,2,,-1
2776,1919,2,,-1
2777,1919,2,,-1
2778,1919,2,,-1
2779,1919,2,,-1
2780,1919,2,,-1
2781,1919,2,,-1
2782,1919,2,,-1
2783,1919,2,,-1
2784,1919,2,,-1
2785,1919,2,,-1
2786,1922,26,,-1
2787,1922,85,,-1
2788,1922,2,,-1
2789,1922,2,,-1
2790,1923,26,,-1
2791,1923,2,,-1
2792,1923,2,,-1
2793,1924,26,,-1
2794,1924,85,,-1
2795,1924,2,,-1
2796,1924,2,,-1
2797,1925,26,,-1
2798,1925,2,,-1
2799,1925,2,,-1
2800,1926,26,,-1
2801,1926,85,,-1
2802,1926,2,,-1
2803,1926,2,,-1
2804,1927,26,,-1
2805,1927,85,,-1
2806,1927,2,,-1
2807,1927,2,,-1
2808,1928,26,,-1
2809,1928,2,,-1
2810,1928,2,,-1
2811,1929,2,,-1
2812,1929,2,,-1
2813,1930,111,,-1
2814,1930,2,,-1
2815,1930,2,,-1
2816,1931,2,,-1
2817,1931,2,,-1
2818,1932,2,,-1
2819,1932,2,,-1
2820,1933,2,,-1
2821,1933,2,,-1
2822,1934,2,,-1
2823,1934,2,,-1
2824,1935,2,,-1
2825,1935,2,,-1
2826,1936,2,,-1
2827,1936,2,,-1
2828,1937,2,,-1
2829,1937,2,,-1
2830,1938,2,,-1
2831,1938,2,,-1
2832,1939,2,,-1
2833,1939,2,,-1
2834,1940,2,,-1
2835,1940,2,,-1
2836,1945,2,,-1
2837,1955,2,15,0
2838,1955,15,,-1
2839,1956,37,8,2
2840,1956,37,15,6
2841,1956,8,,-1
2842,1956,2,8,8
2843,1956,2,15,0
2844,1956,15,,-1
2845,1957,37,8,2
2846,1957,37,15,6
2847,1957,8,,-1
2848,1957,2,8,8
2849,1957,2,15,0
2850,1957,15,,-1
2851,1958,37,8,2
2852,1958,37,15,6
2853,1958,8,,-1
2854,1958,2,8,8
2855,1958,2,15,0
2856,1958,15,,-1
2857,1959,37,8,2
2858,1959,37,15,6
2859,1959,8,,-1
2860,1959,2,8,8
2861,1959,2,15,0
2862,1959,15,,-1
2863,1972,1,,-1
2864,1972,1,,-1
2865,1972,1,,-1
2866,1972,1,,-1
2867,1972,1,,-1
2868,1972,1,,-1
2869,1972,1,,-1
2870,1972,1,,-1
2871,1972,1,,-1
2872,1972,1,,-1
2873,1972,1,,-1
2874,1972,1,,-1
2875,1972,1,,-1
2876,1972,1,,-1
2877,1972,1,,-1
2878,1972,1,,-1
2879,1972,1,,-1
2880,1972,1,,-1
2881,1972,1,,-1
2882,1972,1,,-1
2883,1972,1,,-1
2884,1972,1,,-1
2885,1972,1,,-1
2886,1972,1,,-1
2887,1972,1,,-1
2888,1972,1,,-1
2889,1972,1,,-1
2890,1972,1,,-1
2891,1972,1,,-1
2892,1972,20,,-1
2893,1973,2,,-1
2894,1973,2,,-1
2895,1973,2,,-1
2896,1973,31,,-1
2897,1973,2,,-1
2898,1973,2,,-1
2899,1974,2,,-1
2900,1974,2,,-1
2901,1974,2,,-1
2902,1974,31,,-1
2903,1974,2,,-1
2904,1974,2,,-1
2905,1975,2,,-1
2906,1975,2,,-1
2907,1975,2,,-1
2908,1975,31,,-1
2909,1975,2,,-1
2910,1975,2,,-1
2911,1976,2,,-1
2912,1976,2,,-1
2913,1976,2,,-1
2914,1976,31,,-1
2915,1976,2,,-1
2916,1976,2,,-1
2917,1977,2,,-1
2918,1977,2,,-1
2919,1977,2,,-1
2920,1977,31,,-1
2921,1977,2,,-1
2922,1977,2,,-1
2923,1978,2,,-1
2924,1978,2,,-1
2925,1978,2,,-1
2926,1978,31,,-1
2927,1978,2,,-1
2928,1978,2,,-1
2929,1981,2,,-1
2930,1981,31,,-1
2931,1981,2,,-1
2932,1981,2,,-1
2933,1981,2,,-1
2934,1981,2,,-1
2935,1981,2,,-1
2936,1982,2,,-1
2937,1982,31,,-1
2938,1982,2,,-1
2939,1982,2,,-1
2940,1982,2,,-1
2941,1982,2,,-1
2942,1982,2,,-1
2943,1983,2,,-1
2944,1983,29,,-1
2945,1983,31,,-1
2946,1983,2,,-1
2947,1983,2,,-1
2948,1983,2,,-1
2949,1983,2,,-1
2950,1983,2,,-1
2951,1984,2,,-1
2952,1984,29,,-1
2953,1984,31,,-1
2954,1984,2,,-1
2955,1984,2,,-1
2956,1984,2,,-1
2957,1984,2,,-1
2958,1984,2,,-1
2959,1985,2,,-1
2960,1985,31,,-1
2961,1985,2,,-1
2962,1985,2,,-1
2963,1985,2,,-1
2964,1985,2,,-1
2965,1985,2,,-1
2966,1986,2,,-1
2967,1986,31,,-1
2968,1986,2,,-1
2969,1986,2,,-1
2970,1986,2,,-1
2971,1986,2,,-1
2972,1986,2,,-1
2973,1987,2,,-1
2974,1987,31,,-1
2975,1987,2,,-1
2976,1987,2,,-1
2977,1987,2,,-1
2978,1987,2,,-1
2979,1987,2,,-1
2980,1988,2,,-1
2981,1989,2,,-1
2982,1990,2,,-1
2983,1991,2,,-1
2984,1992,8,,-1
2985,1992,2,8,8
2986,1993,8,,-1
2987,1993,2,8,8
2988,1994,8,,-1
2989,1994,2,8,8
2990,1995,8,,-1
2991,1995,2,8,8
2992,1996,8,,-1
2993,1996,2,8,8
2994,1997,8,,-1
2995,1997,2,8,8
2996,2008,15,,-1
2997,2008,2,15,0
2998,2008,26,15,1
2999,2009,15,,-1
3000,2009,2,15,0
3001,2009,26,15,1
3002,2010,15,,-1
3003,2010,2,15,0
3004,2010,26,15,1
3005,2011,15,,-1
3006,2011,2,15,0
3007,2011,26,15,1
3008,2014,2,,-1
3009,2014,2,,-1
3010,2015,2,,-1
3011,2015,2,,-1
3012,2016,2,,-1
3013,2016,2,,-1
3014,2016,2,,-1
3015,2016,2,,-1
3016,2017,2,,-1
3017,2017,2,,-1
3018,2017,2,,-1
3019,2018,2,,-1
3020,2018,2,,-1
3021,2018,2,,-1
3022,2024,2,,-1
3023,2025,2,,-1
3024,2026,2,,-1
3025,2027,2,,-1
3026,2028,2,,-1
3027,2029,2,,-1
3028,2030,2,,-1
3029,2031,2,,-1
3030,2032,2,,-1
3031,2033,2,,-1
3032,2034,2,,-1
3033,2035,2,,-1
3034,2036,2,,-1
3035,2037,2,,-1
3036,2038,2,,-1
3037,2039,2,,-1
3038,2051,2,,-1
3039,2051,2,,-1
3040,2051,2,,-1
3041,2056,31,,-1
3042,2057,31,,-1
3043,2058,31,,-1
3044,2068,1,,-1
3045,2068,1,,-1
3046,2068,1,,-1
3047,2068,1,,-1
3048,2068,1,,-1
3049,2068,1,,-1
3050,2068,1,,-1
3051,2068,1,,-1
3052,2068,1,,-1
3053,2068,1,,-1
3054,2068,1,,-1
3055,2068,1,,-1
3056,2068,1,,-1
3057,2068,1,,-1
3058,2068,1,,-1
3059,2068,1,,-1
3060,2068,1,,-1
3061,2068,1,,-1
3062,2068,1,,-1
3063,2068,1,,-1
3064,2068,1,,-1
3065,2068,1,,-1
3066,2068,1,,-1
3067,2068,1,,-1
3068,2068,1,,-1
3069,2068,1,,-1
3070,2068,1,,-1
3071,2068,1,,-1
3072,2068,1,,-1
3073,2068,1,,-1
3074,2068,1,,-1
3075,2068,1,,-1
3076,2068,1,,-1
3077,2068,1,,-1
3078,2068,1,,-1
3079,2068,1,,-1
3080,2068,1,,-1
3081,2068,1,,-1
3082,2068,1,,-1
3083,2068,1,,-1
3084,2068,1,,-1
3085,2068,1,,-1
3086,2068,1,,-1
3087,2068,1,,-1
3088,2068,1,,-1
3089,2068,1,,-1
3090,2068,1,,-1
3091,2068,1,,-1
3092,2068,1,,-1
3093,2068,1,,-1
3094,2068,1,,-1
3095,2068,1,,-1
3096,2068,1,,-1
3097,2068,1,,-1
3098,2068,1,,-1
3099,2068,1,,-1
3100,2068,1,,-1
3101,2068,1,,-1
3102,2068,1,,-1
3103,2068,1,,-1
3104,2068,1,,-1
3105,2068,1,,-1
3106,2068,1,,-1
3107,2068,1,,-1
3108,2068,1,,-1
3109,2068,1,,-1
3110,2068,1,,-1
3111,2068,1,,-1
3112,2068,1,,-1
3113,2068,1,,-1
3114,2068,1,,-1
3115,2068,1,,-1
3116,2068,1,,-1
3117,2068,1,,-1
3118,2068,1,,-1
3119,2068,1,,-1
3120,2068,1,,-1
3121,2068,1,,-1
3122,2068,1,,-1
3123,2068,1,,-1
3124,2068,1,,-1
3125,2068,1,,-1
3126,2068,1,,-1
3127,2068,1,,-1
3128,2068,1,,-1
3129,2068,1,,-1
3130,2068,1,,-1
3131,2068,1,,-1
3132,2068,1,,-1
3133,2068,1,,-1
3134,2068,1,,-1
3135,2069,2,15,0
3136,2069,31,15,4
3137,2069,15,,-1
3138,2070,2,15,0
3139,2070,31,15,4
3140,2070,15,,-1
3141,2080,2,,-1
3142,2080,2,,-1
3143,2080,2,,-1
3144,2081,2,,-1
3145,2081,2,,-1
3146,2081,2,,-1
3147,2082,2,,-1
3148,2082,2,,-1
3149,2082,2,,-1
3150,2083,15,,-1
3151,2083,2,15,0
3152,2084,15,,-1
3153,2084,2,15,0
3154,2085,15,,-1
3155,2085,2,15,0
3156,2086,15,,-1
3157,2086,2,15,0
3158,2087,15,,-1
3159,2087,2,15,0
3160,2090,20,,-1
3161,2090,20,,-1
3162,2090,20,,-1
3163,2090,21,,-1
3164,2090,1,,-1
3165,2090,1,,-1
3166,2090,24,,-1
3167,2090,1,,-1
3168,2090,1,,-1
3169,2090,6,,-1
3170,2090,1,,-1
3171,2090,20,,-1
3172,2090,21,,-1
3173,2091,9,15,2
3174,2091,87,15,1
3175,2091,2,15,0
3176,2091,15,,-1
3177,2091,26,15,1
3178,2092,9,15,2
3179,2092,87,15,1
3180,2092,2,15,0
3181,2092,15,,-1
3182,2092,26,15,1
3183,2093,9,15,2
3184,2093,87,15,1
3185,2093,2,15,0
3186,2093,15,,-1
3187,2093,26,15,1
3188,2094,31,,-1
3189,2108,2,,-1
3190,2109,2,,-1
3191,2110,2,,-1
3192,2111,1,,-1
3193,2111,1,,-1
3194,2111,1,,-1
3195,2111,1,,-1
3196,2113,15,,-1
3197,2113,2,15,0
3198,2118,2,,-1
3199,2118,149,,-1
3200,2118,148,,-1
3201,2119,2,,-1
3202,2119,148,,-1
3203,2120,2,,-1
3204,2120,148,,-1
3205,2121,2,,-1
3206,2121,148,,-1
3207,2122,2,,-1
3208,2122,148,,-1
3209,2123,2,,-1
3210,2123,29,,-1
3211,2123,148,,-1
3212,2124,2,,-1
3213,2124,29,,-1
3214,2124,148,,-1
3215,2128,15,,-1
3216,2129,15,,-1
3217,2147,2,,-1
3218,2147,2,,-1
3219,2169,2,,-1
3220,2170,2,,-1
3221,2171,2,,-1
3222,2172,2,,-1
3223,2173,2,,-1
3224,2174,2,,-1
3225,2191,2,,-1
3226,2191,2,,-1
3227,2191,2,,-1
3228,2191,2,,-1
3229,2191,2,,-1
3230,2191,2,,-1
3231,2191,2,,-1
3232,2191,36,,-1
3233,2191,2,,-1
3234,2191,2,,-1
3235,2191,2,,-1
3236,2191,2,,-1
3237,2191,2,,-1
3238,2191,2,,-1
3239,2191,2,,-1
3240,2191,2,,-1
3241,2192,2,,-1
3242,2192,2,,-1
3243,2192,2,,-1
3244,2192,2,,-1
3245,2192,2,,-1
3246,2192,2,,-1
3247,2192,2,,-1
3248,2192,2,,-1
3249,2192,2,,-1
3250,2192,28,,-1
3251,2192,2,,-1
3252,2192,2,,-1
3253,2192,2,,-1
3254,2192,2,,-1
3255,2192,2,,-1
3256,2192,2,,-1
3257,2193,2,,-1
3258,2193,2,,-1
3259,2193,2,,-1
3260,2193,2,,-1
3261,2193,2,,-1
3262,2193,2,,-1
3263,2193,2,,-1
3264,2193,36,,-1
3265,2193,2,,-1
3266,2193,2,,-1
3267,2193,2,,-1
3268,2193,2,,-1
3269,2193,2,,-1
3270,2193,2,,-1
3271,2193,2,,-1
3272,2193,2,,-1
3273,2194,2,,-1
3274,2194,2,,-1
3275,2194,2,,-1
3276,2194,111,,-1
3277,2194,2,,-1
3278,2194,2,,-1
3279,2194,2,,-1
3280,2194,2,,-1
3281,2194,111,,-1
3282,2194,36,,-1
3283,2194,2,,-1
3284,2194,2,,-1
3285,2194,2,,-1
3286,2194,2,,-1
3287,2194,2,,-1
3288,2194,2,,-1
3289,2194,2,,-1
3290,2194,2,,-1
3291,2195,1,,-1
3292,2195,1,,-1
3293,2195,1,,-1
3294,2195,1,,-1
3295,2195,1,,-1
3296,2195,1,,-1
3297,2195,1,,-1
3298,2195,1,,-1
3299,2195,1,,-1
3300,2195,1,,-1
3301,2195,1,,-1
3302,2195,1,,-1
3303,2195,1,,-1
3304,2195,1,,-1
3305,2195,1,,-1
3306,2195,1,,-1
3307,2195,1,,-1
3308,2195,1,,-1
3309,2195,1,,-1
3310,2195,1,,-1
3311,2195,1,,-1
3312,2195,1,,-1
3313,2195,1,,-1
3314,2195,1,,-1
3315,2195,1,,-1
3316,2195,1,,-1
3317,2195,1,,-1
3318,2195,1,,-1
3319,2195,1,,-1
3320,2195,1,,-1
3321,2195,1,,-1
3322,2195,1,,-1
3323,2195,1,,-1
3324,2195,1,,-1
3325,2195,1,,-1
3326,2195,1,,-1
3327,2195,1,,-1
3328,2195,1,,-1
3329,2195,1,,-1
3330,2195,1,,-1
3331,2195,1,,-1
3332,2195,1,,-1
3333,2195,1,,-1
3334,2195,1,,-1
3335,2195,1,,-1
3336,2195,1,,-1
3337,2195,1,,-1
3338,2195,1,,-1
3339,2195,1,,-1
3340,2195,1,,-1
3341,2195,1,,-1
3342,2195,1,,-1
3343,2195,1,,-1
3344,2195,1,,-1
3345,2195,1,,-1
3346,2195,1,,-1
3347,2195,6,,-1
3348,2195,1,,-1
3349,2195,24,,-1
3350,2196,2,,-1
3351,2196,2,,-1
3352,2196,2,,-1
3353,2196,2,,-1
3354,2196,2,,-1
3355,2196,2,,-1
3356,2196,2,,-1
3357,2196,36,,-1
3358,2196,2,,-1
3359,2196,2,,-1
3360,2196,2,,-1
3361,2196,2,,-1
3362,2196,2,,-1
3363,2196,2,,-1
3364,2196,2,,-1
3365,2196,2,,-1
3366,2197,1,,-1
3367,2197,1,,-1
3368,2197,1,,-1
3369,2197,1,,-1
3370,2197,1,,-1
3371,2197,1,,-1
3372,2197,1,,-1
3373,2197,1,,-1
3374,2197,1,,-1
3375,2197,1,,-1
3376,2197,1,,-1
3377,2197,1,,-1
3378,2197,1,,-1
3379,2197,1,,-1
3380,2197,1,,-1
3381,2197,1,,-1
3382,2197,1,,-1
3383,2197,1,,-1
3384,2197,1,,-1
3385,2197,1,,-1
3386,2197,1,,-1
3387,2197,1,,-1
3388,2197,1,,-1
3389,2197,1,,-1
3390,2197,1,,-1
3391,2197,1,,-1
3392,2197,1,,-1
3393,2197,1,,-1
3394,2197,1,,-1
3395,2197,1,,-1
3396,2197,1,,-1
3397,2197,1,,-1
3398,2197,1,,-1
3399,2197,1,,-1
3400,2197,1,,-1
3401,2197,1,,-1
3402,2197,1,,-1
3403,2197,1,,-1
3404,2197,1,,-1
3405,2197,1,,-1
3406,2197,1,,-1
3407,2197,1,,-1
3408,2197,1,,-1
3409,2197,1,,-1
3410,2197,1,,-1
3411,2197,1,,-1
3412,2197,1,,-1
3413,2197,1,,-1
3414,2197,1,,-1
3415,2197,1,,-1
3416,2197,1,,-1
3417,2197,1,,-1
3418,2197,1,,-1
3419,2197,1,,-1
3420,2197,1,,-1
3421,2197,1,,-1
3422,2197,6,,-1
3423,2197,1,,-1
3424,2197,24,,-1
3425,2203,2,,-1
3426,2203,2,,-1
3427,2203,2,,-1
3428,2203,2,,-1
3429,2206,9,,-1
3430,2208,84,,-1
3431,2208,85,,-1
3432,2208,86,,-1
3433,2208,34,,-1
3434,2209,84,,-1
3435,2209,85,,-1
3436,2209,86,,-1
3437,2209,34,,-1
3438,2210,84,,-1
3439,2210,86,,-1
3440,2211,84,,-1
3441,2211,85,,-1
3442,2211,86,,-1
3443,2211,34,,-1
3444,2212,84,,-1
3445,2212,86,,-1
3446,2213,84,,-1
3447,2213,85,,-1
3448,2213,86,,-1
3449,2213,34,,-1
3450,2214,84,,-1
3451,2214,85,,-1
3452,2214,86,,-1
3453,2214,34,,-1
3454,2215,2,,-1
3455,2216,2,,-1
3456,2217,2,,-1
3457,2218,2,,-1
3458,2226,2,15,0
3459,2226,15,,-1
3460,2227,2,15,0
3461,2227,15,,-1
3462,2231,2,,-1
3463,2231,2,,-1
3464,2231,2,,-1
3465,2231,2,,-1
3466,2232,9,,-1
3467,2232,9,,-1
3468,2232,9,,-1
3469,2233,9,,-1
3470,2233,9,,-1
3471,2233,9,,-1
3472,2234,9,,-1
3473,2234,9,,-1
3474,2234,9,,-1
3475,2273,24,,-1
3476,2273,1,,-1
3477,2273,17,,-1
3478,2274,24,,-1
3479,2274,1,,-1
3480,2275,24,,-1
3481,2275,1,,-1
3482,2276,24,,-1
3483,2276,1,,-1
3484,2279,1,,-1
3485,2280,15,,-1
3486,2281,15,,-1
3487,2282,15,,-1
3488,2305,2,,-1
3489,2306,2,,-1
3490,2307,2,,-1
3491,2308,2,,-1
3492,2309,6,,-1
3493,2312,2,,-1
3494,2313,2,,-1
3495,2314,2,,-1
3496,2317,2,,-1
3497,2317,2,,-1
3498,2318,8,,-1
3499,2318,15,,-1
3500,2318,9,8,10
3501,2318,9,15,2
3502,2318,26,8,9
3503,2318,26,15,1
3504,2319,8,,-1
3505,2319,15,,-1
3506,2319,9,8,10
3507,2319,9,15,2
3508,2319,26,8,9
3509,2319,26,15,1
3510,2320,2,,-1
3511,2320,2,,-1
3512,2320,2,,-1
3513,2320,2,,-1
3514,2320,2,,-1
3515,2321,2,,-1
3516,2321,2,,-1
3517,2321,2,,-1
3518,2321,2,,-1
3519,2321,2,,-1
3520,2322,2,,-1
3521,2322,2,,-1
3522,2322,2,,-1
3523,2322,2,,-1
3524,2322,2,,-1
3525,2322,89,,-1
3526,2322,2,,-1
3527,2322,2,,-1
3528,2322,2,,-1
3529,2328,21,,-1
3530,2328,21,,-1
3531,2328,1,,-1
3532,2347,15,,-1
3533,2347,2,15,0
3534,2360,9,,-1
3535,2361,9,,-1
3536,2364,2,,-1
3537,2365,2,,-1
3538,2366,2,,-1
3539,2369,2,15,0
3540,2369,15,,-1
3541,2370,2,15,0
3542,2370,15,,-1
3543,2371,2,15,0
3544,2371,15,,-1
3545,2372,2,15,0
3546,2372,15,,-1
3547,2373,2,,-1
3548,2373,34,,-1
3549,2374,2,,-1
3550,2375,2,,-1
3551,2376,36,,-1
3552,2376,2,,-1
3553,2377,36,,-1
3554,2377,2,,-1
3555,2378,36,,-1
3556,2378,2,,-1
3557,2379,36,,-1
3558,2379,2,,-1
3559,2385,1,,-1
3560,2385,1,,-1
3561,2385,6,,-1
3562,2385,1,,-1
3563,2385,1,,-1
3564,2385,1,,-1
3565,2385,1,,-1
3566,2385,1,,-1
3567,2385,1,,-1
3568,2385,1,,-1
3569,2385,1,,-1
3570,2385,1,,-1
3571,2385,1,,-1
3572,2385,1,,-1
3573,2385,1,,-1
3574,2385,1,,-1
3575,2385,1,,-1
3576,2385,1,,-1
3577,2385,1,,-1
3578,2385,6,,-1
3579,2386,1,,-1
3580,2386,1,,-1
3581,2386,1,,-1
3582,2386,1,,-1
3583,2386,1,,-1
3584,2386,1,,-1
3585,2386,4,,-1
3586,2386,1,,-1
3587,2386,1,,-1
3588,2386,1,,-1
3589,2386,1,,-1
3590,2386,1,,-1
3591,2386,13,,-1
3592,2386,1,,-1
3593,2386,1,,-1
3594,2386,1,,-1
3595,2386,1,,-1
3596,2386,4,,-1
3597,2386,1,,-1
3598,2386,1,,-1
3599,2386,1,,-1
3600,2398,2,,-1
3601,2398,2,,-1
3602,2399,2,,-1
3603,2399,2,,-1
3604,2400,2,,-1
3605,2400,2,,-1
3606,2401,1,,-1
3607,2401,6,,-1
3608,2401,1,,-1
3609,2401,1,,-1
3610,2401,1,,-1
3611,2416,2,,-1
3612,2416,2,,-1
3613,2417,2,,-1
3614,2417,2,,-1
3615,2418,2,,-1
3616,2418,2,,-1
3617,2419,2,,-1
3618,2419,2,,-1
3619,2420,2,,-1
3620,2420,2,,-1
3621,2423,2,,-1
3622,2423,2,,-1
3623,2423,2,,-1
3624,2423,2,,-1
3625,2423,2,,-1
3626,2424,9,,-1
3627,2424,2,,-1
3628,2433,2,,-1
3629,2434,2,,-1
3630,2435,2,,-1
3631,2436,2,,-1
3632,2437,2,,-1
3633,2437,34,,-1
3634,2438,2,,-1
3635,2438,34,,-1
3636,2439,2,,-1
3637,2439,34,,-1
3638,2440,2,,-1
3639,2441,2,,-1
3640,2441,34,,-1
3641,2442,2,,-1
3642,2443,2,,-1
3643,2443,34,,-1
3644,2444,2,,-1
3645,2444,34,,-1
3646,2447,31,,-1
3647,2447,31,,-1
3648,2447,2,,-1
3649,2447,2,,-1
3650,2448,31,,-1
3651,2448,31,,-1
3652,2448,2,,-1
3653,2448,2,,-1
3654,2449,31,,-1
3655,2449,31,,-1
3656,2449,2,,-1
3657,2449,2,,-1
3658,2450,31,,-1
3659,2450,31,,-1
3660,2450,2,,-1
3661,2450,2,,-1
3662,2451,31,,-1
3663,2451,31,,-1
3664,2451,2,,-1
3665,2451,2,,-1
3666,2452,31,,-1
3667,2452,156,,-1
3668,2452,31,,-1
3669,2452,2,,-1
3670,2452,2,,-1
3671,2452,156,,-1
3672,2453,2,,-1
3673,2454,2,,-1
3674,2458,2,,-1
3675,2458,2,,-1
3676,2458,2,,-1
3677,2458,2,,-1
3678,2458,2,,-1
3679,2459,2,,-1
3680,2459,2,,-1
3681,2459,2,,-1
3682,2459,2,,-1
3683,2459,2,,-1
3684,2460,2,,-1
3685,2460,2,,-1
3686,2460,2,,-1
3687,2460,2,,-1
3688,2460,2,,-1
3689,2461,2,,-1
3690,2461,31,,-1
3691,2461,2,,-1
3692,2461,2,,-1
3693,2461,2,,-1
3694,2461,2,,-1
3695,2461,2,,-1
3696,2462,2,,-1
3697,2462,31,,-1
3698,2462,2,,-1
3699,2462,2,,-1
3700,2462,2,,-1
3701,2462,2,,-1
3702,2462,2,,-1
3703,2463,2,,-1
3704,2463,31,,-1
3705,2463,2,,-1
3706,2463,2,,-1
3707,2463,2,,-1
3708,2463,2,,-1
3709,2463,2,,-1
3710,2464,21,11,3
3711,2464,1,11,0
3712,2464,20,11,2
3713,2464,11,,-1
3714,2464,33,11,1
3715,2465,2,,-1
3716,2465,31,,-1
3717,2465,2,,-1
3718,2465,2,,-1
3719,2465,2,,-1
3720,2465,2,,-1
3721,2465,2,,-1
3722,2466,2,,-1
3723,2466,28,,-1
3724,2467,2,,-1
3725,2468,2,,-1
3726,2469,2,,-1
3727,2484,1,,-1
3728,2485,1,,-1
3729,2486,1,,-1
3730,2493,15,,-1
3731,2493,87,15,1
3732,2494,15,,-1
3733,2494,87,15,1
3734,2495,26,,-1
3735,2495,9,,-1
3736,2496,31,,-1
3737,2496,26,,-1
3738,2496,9,,-1
3739,2497,31,,-1
3740,2497,26,,-1
3741,2497,9,,-1
3742,2504,2,,-1
3743,2504,2,,-1
3744,2505,2,,-1
3745,2505,2,,-1
3746,2506,2,,-1
3747,2506,2,,-1
3748,2510,2,,-1
3749,2510,2,,-1
3750,2510,2,,-1
3751,2510,2,,-1
3752,2511,2,,-1
3753,2511,2,,-1
3754,2511,2,,-1
3755,2511,2,,-1
3756,2512,2,,-1
3757,2512,2,,-1
3758,2512,2,,-1
3759,2512,2,,-1
3760,2513,2,,-1
3761,2513,2,,-1
3762,2513,2,,-1
3763,2513,2,,-1
3764,2514,9,,-1
3765,2514,2,,-1
3766,2556,1,,-1
3767,2556,1,,-1
3768,2556,1,,-1
3769,2556,1,,-1
3770,2556,1,,-1
3771,2556,20,,-1
3772,2556,1,,-1
3773,2556,1,,-1
3774,2556,1,,-1
3775,2556,1,,-1
3776,2556,1,,-1
3777,2556,1,,-1
3778,2556,1,,-1
3779,2556,1,,-1
3780,2556,1,,-1
3781,2556,1,,-1
3782,2556,1,,-1
3783,2556,1,,-1
3784,2556,1,,-1
3785,2556,21,,-1
3786,2556,1,,-1
3787,2556,1,,-1
3788,2556,6,,-1
3789,2556,1,,-1
3790,2556,1,,-1
3791,2556,1,,-1
3792,2556,1,,-1
3793,2556,1,,-1
3794,2556,1,,-1
3795,2556,1,,-1
3796,2556,1,,-1
3797,2556,1,,-1
3798,2556,1,,-1
3799,2556,1,,-1
3800,2556,1,,-1
3801,2556,1,,-1
3802,2557,2,15,0
3803,2557,15,,-1
3804,2557,15,,-1
3805,2557,29,15,4
3806,2557,15,,-1
3807,2557,15,,-1
3808,2558,2,15,0
3809,2558,15,,-1
3810,2558,15,,-1
3811,2558,29,15,4
3812,2558,15,,-1
3813,2558,15,,-1
3814,2559,41,,-1
3815,2559,23,41,0
3816,2559,23,15,1
3817,2559,2,41,2
3818,2559,2,15,0
3819,2559,15,,-1
3820,2559,15,,-1
3821,2559,15,,-1
3822,2559,15,,-1
3823,2560,2,15,0
3824,2560,15,,-1
3825,2560,15,,-1
3826,2560,15,,-1
3827,2560,15,,-1
3828,2562,37,,-1
3829,2564,2,,-1
3830,2564,2,,-1
3831,2564,26,,-1
3832,2564,26,,-1
3833,2565,2,,-1
3834,2565,2,,-1
3835,2565,26,,-1
3836,2565,26,,-1
3837,2569,4,,-1
3838,2569,1,,-1
3839,2569,20,,-1
3840,2569,1,,-1
3841,2569,1,,-1
3842,2569,1,,-1
3843,2569,1,,-1
3844,2569,4,,-1
3845,2569,1,,-1
3846,2569,20,,-1
3847,2569,1,,-1
3848,2569,17,,-1
3849,2569,1,,-1
3850,2569,17,,-1
3851,2569,1,,-1
3852,2569,4,,-1
3853,2569,1,,-1
3854,2575,2,15,0
3855,2575,15,,-1
3856,2576,2,15,0
3857,2576,15,,-1
3858,2577,2,15,0
3859,2577,15,,-1
3860,2578,2,15,0
3861,2578,15,,-1
3862,2598,15,,-1
3863,2601,15,,-1
3864,2601,2,15,0
3865,2602,15,,-1
3866,2602,2,15,0
3867,2603,1,,-1
3868,2603,1,,-1
3869,2603,1,,-1
3870,2603,1,,-1
3871,2603,1,,-1
3872,2603,1,,-1
3873,2603,1,,-1
3874,2603,1,,-1
3875,2603,21,,-1
3876,2603,1,,-1
3877,2603,1,,-1
3878,2603,1,,-1
3879,2603,1,,-1
3880,2603,1,,-1
3881,2603,1,,-1
3882,2603,20,,-1
3883,2603,1,,-1
3884,2603,1,,-1
3885,2604,15,,-1
3886,2604,2,15,0
3887,2616,1,,-1
3888,2616,1,,-1
3889,2616,1,,-1
3890,2616,1,,-1
3891,2616,1,,-1
3892,2616,1,,-1
3893,2616,1,,-1
3894,2616,1,,-1
3895,2616,1,,-1
3896,2616,1,,-1
3897,2616,1,,-1
3898,2616,1,,-1
3899,2616,1,,-1
3900,2616,1,,-1
3901,2616,1,,-1
3902,2616,1,,-1
3903,2616,1,,-1
3904,2616,1,,-1
3905,2617,2,8,8
3906,2617,8,,-1
3907,2618,2,8,8
3908,2618,8,,-1
3909,2620,15,,-1
3910,2620,2,15,0
3911,2620,9,15,2
3912,2621,15,,-1
3913,2621,2,15,0
3914,2621,9,15,2
3915,2622,15,,-1
3916,2622,2,15,0
3917,2622,9,15,2
3918,2623,15,,-1
3919,2623,2,15,0
3920,2623,9,15,2
3921,2631,87,,-1
3922,2631,2,,-1
3923,2631,88,,-1
3924,2631,31,,-1
3925,2631,2,,-1
3926,2631,85,,-1
3927,2631,32,,-1
3928,2631,2,,-1
3929,2631,34,,-1
3930,2631,2,,-1
3931,2647,15,,-1
3932,2648,15,,-1
3933,2649,2,,-1
3934,2649,2,,-1
3935,2649,2,,-1
3936,2649,2,,-1
3937,2649,2,,-1
3938,2649,2,,-1
3939,2650,2,,-1
3940,2650,2,,-1
3941,2650,2,,-1
3942,2650,2,,-1
3943,2650,2,,-1
3944,2650,2,,-1
3945,2651,2,,-1
3946,2651,2,,-1
3947,2651,2,,-1
3948,2651,2,,-1
3949,2651,2,,-1
3950,2651,2,,-1
3951,2656,1,,-1
3952,2656,1,,-1
3953,2656,1,,-1
3954,2656,6,,-1
3955,2656,1,,-1
3956,2656,1,,-1
3957,2656,1,,-1
3958,2656,1,,-1
3959,2656,1,,-1
3960,2656,1,,-1
3961,2656,1,,-1
3962,2656,1,,-1
3963,2656,1,,-1
3964,2656,1,,-1
3965,2656,1,,-1
3966,2656,1,,-1
3967,2656,1,,-1
3968,2656,1,,-1
3969,2656,1,,-1
3970,2656,1,,-1
3971,2656,1,,-1
3972,2658,2,,-1
3973,2658,2,,-1
3974,2658,2,,-1
3975,2658,2,,-1
3976,2658,2,,-1
3977,2658,2,,-1
3978,2658,2,,-1
3979,2659,2,,-1
3980,2659,2,,-1
3981,2659,2,,-1
3982,2659,2,,-1
3983,2659,2,,-1
3984,2659,2,,-1
3985,2659,2,,-1
3986,2660,2,,-1
3987,2660,2,,-1
3988,2660,2,,-1
3989,2660,2,,-1
3990,2660,2,,-1
3991,2660,2,,-1
3992,2660,2,,-1
3993,2661,2,,-1
3994,2661,2,,-1
3995,2661,2,,-1
3996,2661,2,,-1
3997,2661,2,,-1
3998,2661,2,,-1
3999,2661,2,,-1
4000,2662,2,,-1
4001,2662,2,,-1
4002,2662,2,,-1
4003,2662,2,,-1
4004,2662,2,,-1
4005,2662,2,,-1
4006,2662,2,,-1
4007,2663,2,,-1
4008,2663,2,,-1
4009,2663,2,,-1
4010,2663,2,,-1
4011,2663,2,,-1
4012,2663,2,,-1
4013,2663,2,,-1
4014,2668,31,,-1
4015,2679,31,,-1
4016,2679,2,,-1
4017,2680,31,,-1
4018,2680,2,,-1
4019,2681,31,,-1
4020,2681,2,,-1
4021,2684,2,,-1
4022,2685,2,,-1
4023,2686,2,,-1
4024,2687,2,,-1
4025,2688,2,,-1
4026,2696,2,,-1
4027,2696,2,,-1
4028,2697,2,,-1
4029,2697,2,,-1
4030,2698,1,,-1
4031,2698,1,,-1
4032,2698,1,,-1
4033,2698,24,,-1
4034,2698,1,,-1
4035,2698,1,,-1
4036,2698,1,,-1
4037,2698,1,,-1
4038,2698,1,,-1
4039,2698,1,,-1
4040,2698,1,,-1
4041,2698,1,,-1
4042,2698,1,,-1
4043,2698,1,,-1
4044,2698,1,,-1
4045,2698,24,,-1
4046,2698,1,,-1
4047,2698,1,,-1
4048,2698,1,,-1
4049,2698,1,,-1
4050,2698,1,,-1
4051,2702,150,,-1
4052,2710,2,,-1
4053,2710,2,,-1
4054,2711,2,,-1
4055,2711,2,,-1
4056,2712,2,,-1
4057,2712,2,,-1
4058,2713,2,,-1
4059,2713,2,,-1
4060,2714,2,,-1
4061,2714,2,,-1
4062,2716,4,,-1
4063,2716,24,,-1
4064,2718,59,,-1
4065,2719,1,,-1
4066,2719,1,,-1
4067,2719,1,,-1
4068,2719,1,,-1
4069,2719,1,,-1
4070,2720,1,,-1
4071,2720,1,,-1
4072,2720,1,,-1
4073,2720,1,,-1
4074,2720,1,,-1
4075,2720,6,,-1
